system:time_start,NDSI_Snow_Cover
1-Jan-08,
2-Jan-08,
3-Jan-08,
4-Jan-08,
5-Jan-08,
6-Jan-08,
7-Jan-08,
8-Jan-08,
9-Jan-08,
10-Jan-08,
11-Jan-08,
12-Jan-08,
13-Jan-08,
14-Jan-08,
15-Jan-08,
16-Jan-08,
17-Jan-08,
18-Jan-08,
19-Jan-08,
20-Jan-08,
21-Jan-08,
22-Jan-08,
23-Jan-08,
24-Jan-08,
25-Jan-08,
26-Jan-08,
27-Jan-08,
28-Jan-08,
29-Jan-08,
30-Jan-08,
31-Jan-08,
1-Feb-08,
2-Feb-08,
3-Feb-08,
4-Feb-08,
5-Feb-08,
6-Feb-08,
7-Feb-08,51.392
8-Feb-08,52.12
9-Feb-08,60.348
10-Feb-08,57.658
11-Feb-08,
12-Feb-08,58.347
13-Feb-08,67.211
14-Feb-08,62.65
15-Feb-08,67.245
16-Feb-08,54.525
17-Feb-08,64.673
18-Feb-08,71.261
19-Feb-08,70.563
20-Feb-08,
21-Feb-08,
22-Feb-08,55.667
23-Feb-08,64.606
24-Feb-08,
25-Feb-08,55.511
26-Feb-08,
27-Feb-08,
28-Feb-08,
29-Feb-08,
1-Mar-08,59.798
2-Mar-08,66.752
3-Mar-08,70.352
4-Mar-08,78.739
5-Mar-08,80.603
6-Mar-08,
7-Mar-08,
8-Mar-08,
9-Mar-08,
10-Mar-08,
11-Mar-08,
12-Mar-08,68.423
13-Mar-08,
14-Mar-08,
15-Mar-08,
16-Mar-08,58.394
17-Mar-08,
18-Mar-08,
19-Mar-08,64.883
20-Mar-08,65
21-Mar-08,64.738
22-Mar-08,
23-Mar-08,
24-Mar-08,69.211
25-Mar-08,
26-Mar-08,73.488
27-Mar-08,74.963
28-Mar-08,
29-Mar-08,
30-Mar-08,74.626
31-Mar-08,76.919
1-Apr-08,67.113
2-Apr-08,
3-Apr-08,
4-Apr-08,
5-Apr-08,81.9
6-Apr-08,
7-Apr-08,80.826
8-Apr-08,72.997
9-Apr-08,
10-Apr-08,
11-Apr-08,67.604
12-Apr-08,70.061
13-Apr-08,
14-Apr-08,67.623
15-Apr-08,71.027
16-Apr-08,
17-Apr-08,
18-Apr-08,77.824
19-Apr-08,79.099
20-Apr-08,75.09
21-Apr-08,
22-Apr-08,79.96
23-Apr-08,74.947
24-Apr-08,77.782
25-Apr-08,78.906
26-Apr-08,
27-Apr-08,
28-Apr-08,
29-Apr-08,
30-Apr-08,
1-May-08,
2-May-08,
3-May-08,
4-May-08,
5-May-08,
6-May-08,
7-May-08,79.799
8-May-08,
9-May-08,
10-May-08,
11-May-08,
12-May-08,
13-May-08,
14-May-08,
15-May-08,
16-May-08,84.544
17-May-08,88.233
18-May-08,74.11
19-May-08,
20-May-08,
21-May-08,
22-May-08,81.421
23-May-08,72.027
24-May-08,54.426
25-May-08,17.464
26-May-08,6.317
27-May-08,
28-May-08,
29-May-08,
30-May-08,
31-May-08,2.416
1-Jun-08,67
2-Jun-08,29.593
3-Jun-08,5.717
4-Jun-08,3.523
5-Jun-08,
6-Jun-08,
7-Jun-08,0.019
8-Jun-08,0
9-Jun-08,
10-Jun-08,0
11-Jun-08,0
12-Jun-08,0.096
13-Jun-08,0.509
14-Jun-08,0
15-Jun-08,0.092
16-Jun-08,0
17-Jun-08,0.076
18-Jun-08,
19-Jun-08,0.018
20-Jun-08,0
21-Jun-08,0
22-Jun-08,0
23-Jun-08,0
24-Jun-08,0
25-Jun-08,0
26-Jun-08,0
27-Jun-08,0
28-Jun-08,0
29-Jun-08,0
30-Jun-08,0
1-Jul-08,
2-Jul-08,
3-Jul-08,0
4-Jul-08,0
5-Jul-08,0
6-Jul-08,0
7-Jul-08,0
8-Jul-08,0
9-Jul-08,
10-Jul-08,0
11-Jul-08,
12-Jul-08,0
13-Jul-08,0
14-Jul-08,0
15-Jul-08,0
16-Jul-08,
17-Jul-08,
18-Jul-08,0
19-Jul-08,
20-Jul-08,
21-Jul-08,
22-Jul-08,
23-Jul-08,0
24-Jul-08,
25-Jul-08,0
26-Jul-08,0
27-Jul-08,0
28-Jul-08,0
29-Jul-08,0
30-Jul-08,
31-Jul-08,
1-Aug-08,
2-Aug-08,0
3-Aug-08,67.345
4-Aug-08,0
5-Aug-08,0
6-Aug-08,
7-Aug-08,
8-Aug-08,
9-Aug-08,
10-Aug-08,
11-Aug-08,56
12-Aug-08,0
13-Aug-08,0
14-Aug-08,
15-Aug-08,0
16-Aug-08,0
17-Aug-08,
18-Aug-08,
19-Aug-08,
20-Aug-08,
21-Aug-08,
22-Aug-08,
23-Aug-08,
24-Aug-08,
25-Aug-08,0
26-Aug-08,
27-Aug-08,
28-Aug-08,
29-Aug-08,
30-Aug-08,2.904
31-Aug-08,
1-Sep-08,
2-Sep-08,
3-Sep-08,0
4-Sep-08,0
5-Sep-08,
6-Sep-08,
7-Sep-08,0.462
8-Sep-08,
9-Sep-08,
10-Sep-08,
11-Sep-08,
12-Sep-08,40.43
13-Sep-08,39.32
14-Sep-08,
15-Sep-08,0
16-Sep-08,
17-Sep-08,0
18-Sep-08,0
19-Sep-08,0
20-Sep-08,
21-Sep-08,
22-Sep-08,
23-Sep-08,
24-Sep-08,
25-Sep-08,
26-Sep-08,
27-Sep-08,48.31
28-Sep-08,
29-Sep-08,
30-Sep-08,57.069
1-Oct-08,53.91
2-Oct-08,71.897
3-Oct-08,
4-Oct-08,76.812
5-Oct-08,
6-Oct-08,60.475
7-Oct-08,64.516
8-Oct-08,64.761
9-Oct-08,
10-Oct-08,61.14
11-Oct-08,75.892
12-Oct-08,
13-Oct-08,
14-Oct-08,
15-Oct-08,65.369
16-Oct-08,55
17-Oct-08,67.513
18-Oct-08,74.322
19-Oct-08,46
20-Oct-08,
21-Oct-08,57.979
22-Oct-08,
23-Oct-08,60.476
24-Oct-08,
25-Oct-08,
26-Oct-08,64.275
27-Oct-08,70.708
28-Oct-08,75.186
29-Oct-08,76.653
30-Oct-08,61.354
31-Oct-08,59.346
1-Nov-08,
2-Nov-08,
3-Nov-08,
4-Nov-08,72
5-Nov-08,
6-Nov-08,
7-Nov-08,
8-Nov-08,
9-Nov-08,
10-Nov-08,
11-Nov-08,
12-Nov-08,
13-Nov-08,
14-Nov-08,
15-Nov-08,
16-Nov-08,
17-Nov-08,
18-Nov-08,
19-Nov-08,
20-Nov-08,
21-Nov-08,
22-Nov-08,
23-Nov-08,
24-Nov-08,
25-Nov-08,
26-Nov-08,
27-Nov-08,
28-Nov-08,
29-Nov-08,
30-Nov-08,
1-Dec-08,
2-Dec-08,
3-Dec-08,
4-Dec-08,
5-Dec-08,
6-Dec-08,
7-Dec-08,
8-Dec-08,
9-Dec-08,
10-Dec-08,
11-Dec-08,
12-Dec-08,
13-Dec-08,
14-Dec-08,
15-Dec-08,
16-Dec-08,
17-Dec-08,
18-Dec-08,
19-Dec-08,
20-Dec-08,
23-Dec-08,
24-Dec-08,
25-Dec-08,
26-Dec-08,
27-Dec-08,
28-Dec-08,
29-Dec-08,
30-Dec-08,
31-Dec-08,
1-Jan-09,
2-Jan-09,
3-Jan-09,
4-Jan-09,
5-Jan-09,
6-Jan-09,
7-Jan-09,
8-Jan-09,
9-Jan-09,
10-Jan-09,
11-Jan-09,
12-Jan-09,
13-Jan-09,
14-Jan-09,
15-Jan-09,
16-Jan-09,
17-Jan-09,
18-Jan-09,
19-Jan-09,
20-Jan-09,
21-Jan-09,
22-Jan-09,
23-Jan-09,
24-Jan-09,
25-Jan-09,
26-Jan-09,
27-Jan-09,
28-Jan-09,
29-Jan-09,
30-Jan-09,
31-Jan-09,
1-Feb-09,
2-Feb-09,
3-Feb-09,
4-Feb-09,
5-Feb-09,
6-Feb-09,77.32
7-Feb-09,53.727
8-Feb-09,83.791
9-Feb-09,30.604
10-Feb-09,68.943
11-Feb-09,
12-Feb-09,73.85
13-Feb-09,69.021
14-Feb-09,
15-Feb-09,68.262
16-Feb-09,66.578
17-Feb-09,58.952
18-Feb-09,65.235
19-Feb-09,
20-Feb-09,
21-Feb-09,62.685
22-Feb-09,68.831
23-Feb-09,66.215
24-Feb-09,72.006
25-Feb-09,
26-Feb-09,68.381
27-Feb-09,55.59
28-Feb-09,
1-Mar-09,70.161
2-Mar-09,67.662
3-Mar-09,73.895
4-Mar-09,
5-Mar-09,
6-Mar-09,64.516
7-Mar-09,68.797
8-Mar-09,72.116
9-Mar-09,67.407
10-Mar-09,76.65
11-Mar-09,74.632
12-Mar-09,75.349
13-Mar-09,
14-Mar-09,75.544
15-Mar-09,61.512
16-Mar-09,
17-Mar-09,67.937
18-Mar-09,
19-Mar-09,67.305
20-Mar-09,67.402
21-Mar-09,66.398
22-Mar-09,66.172
23-Mar-09,
24-Mar-09,67.732
25-Mar-09,69.757
26-Mar-09,73.961
27-Mar-09,
28-Mar-09,
29-Mar-09,67.326
30-Mar-09,
31-Mar-09,
1-Apr-09,68.239
2-Apr-09,74.304
3-Apr-09,70.658
4-Apr-09,67.793
5-Apr-09,
6-Apr-09,
7-Apr-09,
8-Apr-09,75.254
9-Apr-09,78.906
10-Apr-09,71.28
11-Apr-09,72.521
12-Apr-09,
13-Apr-09,
14-Apr-09,
15-Apr-09,78.094
16-Apr-09,77.427
17-Apr-09,74.561
18-Apr-09,77.122
19-Apr-09,77.137
20-Apr-09,81.403
21-Apr-09,73.026
22-Apr-09,71.181
23-Apr-09,77.586
24-Apr-09,
25-Apr-09,71.419
26-Apr-09,79.469
27-Apr-09,93.795
28-Apr-09,
29-Apr-09,92.795
30-Apr-09,94.027
1-May-09,93.452
2-May-09,
3-May-09,
4-May-09,
5-May-09,79.073
6-May-09,
7-May-09,71.701
8-May-09,70
9-May-09,
10-May-09,
11-May-09,74.231
12-May-09,68.784
13-May-09,
14-May-09,
15-May-09,
16-May-09,
17-May-09,80.808
18-May-09,84.867
19-May-09,85.557
20-May-09,89.059
21-May-09,92.078
22-May-09,
23-May-09,
24-May-09,90.842
25-May-09,88.103
26-May-09,
27-May-09,78.439
28-May-09,79.947
29-May-09,76.978
30-May-09,75.492
31-May-09,78.79
1-Jun-09,73.481
2-Jun-09,58.259
3-Jun-09,61.345
4-Jun-09,44.88
5-Jun-09,5.06
6-Jun-09,0
7-Jun-09,
8-Jun-09,2.278
9-Jun-09,0.022
10-Jun-09,
11-Jun-09,
12-Jun-09,
13-Jun-09,
14-Jun-09,0
15-Jun-09,0.939
16-Jun-09,0
17-Jun-09,0
18-Jun-09,0.019
19-Jun-09,0.466
20-Jun-09,0
21-Jun-09,0
22-Jun-09,0
23-Jun-09,0.008
24-Jun-09,0.141
25-Jun-09,
26-Jun-09,0
27-Jun-09,
28-Jun-09,
29-Jun-09,0
30-Jun-09,0
1-Jul-09,0
2-Jul-09,
3-Jul-09,
4-Jul-09,0
5-Jul-09,0
6-Jul-09,0
7-Jul-09,
8-Jul-09,0
9-Jul-09,0
10-Jul-09,0
11-Jul-09,0
12-Jul-09,0
13-Jul-09,
14-Jul-09,
15-Jul-09,0
16-Jul-09,3.64
17-Jul-09,0
18-Jul-09,0
19-Jul-09,0
20-Jul-09,0
21-Jul-09,0
22-Jul-09,0
23-Jul-09,
24-Jul-09,0
25-Jul-09,0
26-Jul-09,0
27-Jul-09,0
28-Jul-09,0
29-Jul-09,
30-Jul-09,0
31-Jul-09,0
1-Aug-09,
2-Aug-09,0
3-Aug-09,
4-Aug-09,0
5-Aug-09,0
6-Aug-09,
7-Aug-09,0
8-Aug-09,
9-Aug-09,
10-Aug-09,
11-Aug-09,
12-Aug-09,0
13-Aug-09,0.008
14-Aug-09,
15-Aug-09,
16-Aug-09,
17-Aug-09,
18-Aug-09,0
19-Aug-09,
20-Aug-09,0
21-Aug-09,0
22-Aug-09,0
23-Aug-09,0
24-Aug-09,0
25-Aug-09,
26-Aug-09,
27-Aug-09,
28-Aug-09,
29-Aug-09,
30-Aug-09,
31-Aug-09,0
1-Sep-09,0
2-Sep-09,0
3-Sep-09,0
4-Sep-09,
5-Sep-09,0
6-Sep-09,0
7-Sep-09,0
8-Sep-09,0
9-Sep-09,0
10-Sep-09,0
11-Sep-09,
12-Sep-09,0
13-Sep-09,
14-Sep-09,0
15-Sep-09,0.032
16-Sep-09,0
17-Sep-09,
18-Sep-09,
19-Sep-09,
20-Sep-09,53.586
21-Sep-09,
22-Sep-09,17.152
23-Sep-09,
24-Sep-09,38.185
25-Sep-09,0.004
26-Sep-09,
27-Sep-09,
28-Sep-09,33.874
29-Sep-09,
30-Sep-09,55.849
1-Oct-09,
2-Oct-09,38.274
3-Oct-09,
4-Oct-09,43.814
5-Oct-09,
6-Oct-09,
7-Oct-09,
8-Oct-09,51.219
9-Oct-09,44.939
10-Oct-09,
11-Oct-09,35.448
12-Oct-09,21.603
13-Oct-09,
14-Oct-09,
15-Oct-09,
16-Oct-09,
17-Oct-09,
18-Oct-09,47.065
19-Oct-09,
20-Oct-09,56.511
21-Oct-09,
22-Oct-09,
23-Oct-09,50.261
24-Oct-09,43.114
25-Oct-09,48.235
26-Oct-09,54.037
27-Oct-09,
28-Oct-09,49.758
29-Oct-09,53.422
30-Oct-09,
31-Oct-09,
1-Nov-09,50.288
2-Nov-09,
3-Nov-09,
4-Nov-09,
5-Nov-09,
6-Nov-09,
7-Nov-09,
8-Nov-09,
9-Nov-09,
10-Nov-09,
11-Nov-09,
12-Nov-09,
13-Nov-09,
14-Nov-09,
15-Nov-09,
16-Nov-09,
17-Nov-09,
18-Nov-09,
19-Nov-09,
20-Nov-09,
21-Nov-09,
22-Nov-09,
23-Nov-09,
24-Nov-09,
25-Nov-09,
26-Nov-09,
27-Nov-09,
28-Nov-09,
29-Nov-09,
30-Nov-09,
1-Dec-09,
2-Dec-09,
3-Dec-09,
4-Dec-09,
5-Dec-09,
6-Dec-09,
7-Dec-09,
8-Dec-09,
9-Dec-09,
10-Dec-09,
11-Dec-09,
12-Dec-09,
13-Dec-09,
14-Dec-09,
15-Dec-09,
16-Dec-09,
17-Dec-09,
18-Dec-09,
19-Dec-09,
20-Dec-09,
21-Dec-09,
22-Dec-09,
23-Dec-09,
24-Dec-09,
25-Dec-09,
26-Dec-09,
27-Dec-09,
28-Dec-09,
29-Dec-09,
30-Dec-09,
31-Dec-09,
1-Jan-10,
2-Jan-10,
3-Jan-10,
4-Jan-10,
5-Jan-10,
6-Jan-10,
7-Jan-10,
8-Jan-10,
9-Jan-10,
10-Jan-10,
11-Jan-10,
12-Jan-10,
13-Jan-10,
14-Jan-10,
15-Jan-10,
16-Jan-10,
17-Jan-10,
18-Jan-10,
19-Jan-10,
20-Jan-10,
21-Jan-10,
22-Jan-10,
23-Jan-10,
24-Jan-10,
25-Jan-10,
26-Jan-10,
27-Jan-10,
28-Jan-10,
29-Jan-10,
30-Jan-10,
31-Jan-10,
1-Feb-10,
2-Feb-10,
3-Feb-10,
4-Feb-10,
5-Feb-10,
6-Feb-10,
7-Feb-10,56.325
8-Feb-10,
9-Feb-10,
10-Feb-10,47.151
11-Feb-10,
12-Feb-10,63.874
13-Feb-10,54.717
14-Feb-10,
15-Feb-10,
16-Feb-10,61.008
17-Feb-10,25.735
18-Feb-10,51.801
19-Feb-10,
20-Feb-10,56.842
21-Feb-10,63.747
22-Feb-10,60.13
23-Feb-10,
24-Feb-10,
25-Feb-10,
26-Feb-10,
27-Feb-10,
28-Feb-10,
1-Mar-10,
2-Mar-10,
3-Mar-10,
4-Mar-10,
5-Mar-10,
6-Mar-10,70.297
7-Mar-10,
8-Mar-10,72.505
9-Mar-10,64.821
10-Mar-10,
11-Mar-10,66.269
12-Mar-10,
13-Mar-10,64.148
14-Mar-10,
15-Mar-10,
16-Mar-10,72.745
17-Mar-10,75.97
18-Mar-10,
19-Mar-10,64.731
20-Mar-10,70.792
21-Mar-10,68.437
22-Mar-10,65.236
23-Mar-10,
24-Mar-10,68.204
25-Mar-10,
26-Mar-10,66.2
27-Mar-10,74.741
28-Mar-10,73.27
29-Mar-10,66.46
30-Mar-10,
31-Mar-10,
1-Apr-10,
2-Apr-10,
3-Apr-10,67.62
4-Apr-10,
5-Apr-10,73.555
6-Apr-10,
7-Apr-10,
8-Apr-10,67.61
9-Apr-10,71.347
10-Apr-10,72.075
11-Apr-10,
12-Apr-10,84.768
13-Apr-10,
14-Apr-10,
15-Apr-10,83.523
16-Apr-10,86.79
17-Apr-10,86.944
18-Apr-10,88.315
19-Apr-10,88.914
20-Apr-10,90.046
21-Apr-10,
22-Apr-10,69.119
23-Apr-10,
24-Apr-10,82.419
25-Apr-10,86.391
26-Apr-10,
27-Apr-10,77.516
28-Apr-10,
29-Apr-10,
30-Apr-10,
1-May-10,
2-May-10,83.367
3-May-10,
4-May-10,
5-May-10,77
6-May-10,78.946
7-May-10,81.141
8-May-10,70.256
9-May-10,
10-May-10,
11-May-10,
12-May-10,84.629
13-May-10,84.605
14-May-10,84.454
15-May-10,
16-May-10,
17-May-10,
18-May-10,
19-May-10,91.272
20-May-10,84.57
21-May-10,84.69
22-May-10,84.873
23-May-10,84.937
24-May-10,82.842
25-May-10,81.216
26-May-10,78.419
27-May-10,78.609
28-May-10,27.467
29-May-10,
30-May-10,
31-May-10,48.03
1-Jun-10,33.565
2-Jun-10,
3-Jun-10,
4-Jun-10,3.269
5-Jun-10,1.176
6-Jun-10,0
7-Jun-10,0
8-Jun-10,0.024
9-Jun-10,0
10-Jun-10,0
11-Jun-10,0
12-Jun-10,
13-Jun-10,
14-Jun-10,
15-Jun-10,
16-Jun-10,0.22
17-Jun-10,18.937
18-Jun-10,0
19-Jun-10,
20-Jun-10,0
21-Jun-10,0
22-Jun-10,0
23-Jun-10,0
24-Jun-10,0
25-Jun-10,0
26-Jun-10,
27-Jun-10,
28-Jun-10,
29-Jun-10,0
30-Jun-10,0
1-Jul-10,0
2-Jul-10,0.014
3-Jul-10,
4-Jul-10,
5-Jul-10,0
6-Jul-10,
7-Jul-10,
8-Jul-10,0
9-Jul-10,0
10-Jul-10,0
11-Jul-10,
12-Jul-10,
13-Jul-10,
14-Jul-10,
15-Jul-10,0
16-Jul-10,0
17-Jul-10,
18-Jul-10,0
19-Jul-10,
20-Jul-10,0
21-Jul-10,0
22-Jul-10,0
23-Jul-10,0.116
24-Jul-10,
25-Jul-10,
26-Jul-10,0
27-Jul-10,0
28-Jul-10,0
29-Jul-10,
30-Jul-10,
31-Jul-10,0
1-Aug-10,0
2-Aug-10,
3-Aug-10,
4-Aug-10,0
5-Aug-10,0
6-Aug-10,
7-Aug-10,
8-Aug-10,
9-Aug-10,0
10-Aug-10,0
11-Aug-10,
12-Aug-10,
13-Aug-10,
14-Aug-10,0
15-Aug-10,0
16-Aug-10,0
17-Aug-10,0
18-Aug-10,0
19-Aug-10,0
20-Aug-10,0
21-Aug-10,
22-Aug-10,
23-Aug-10,
24-Aug-10,
25-Aug-10,0
26-Aug-10,
27-Aug-10,
28-Aug-10,0
29-Aug-10,
30-Aug-10,0
31-Aug-10,
1-Sep-10,0
2-Sep-10,0
3-Sep-10,0
4-Sep-10,0
5-Sep-10,0
6-Sep-10,
7-Sep-10,0
8-Sep-10,
9-Sep-10,
10-Sep-10,
11-Sep-10,0
12-Sep-10,0
13-Sep-10,
14-Sep-10,0
15-Sep-10,0
16-Sep-10,
17-Sep-10,
18-Sep-10,1.977
19-Sep-10,0
20-Sep-10,
21-Sep-10,
22-Sep-10,
23-Sep-10,3.495
24-Sep-10,0.12
25-Sep-10,0
26-Sep-10,
27-Sep-10,
28-Sep-10,58.946
29-Sep-10,65.418
30-Sep-10,
1-Oct-10,45.358
2-Oct-10,
3-Oct-10,
4-Oct-10,
5-Oct-10,
6-Oct-10,
7-Oct-10,
8-Oct-10,55.138
9-Oct-10,
10-Oct-10,
11-Oct-10,55.14
12-Oct-10,
13-Oct-10,
14-Oct-10,75.003
15-Oct-10,
16-Oct-10,
17-Oct-10,
18-Oct-10,80.172
19-Oct-10,
20-Oct-10,
21-Oct-10,52.687
22-Oct-10,54.64
23-Oct-10,
24-Oct-10,56.809
25-Oct-10,59.2
26-Oct-10,
27-Oct-10,68.283
28-Oct-10,69.949
29-Oct-10,73.363
30-Oct-10,
31-Oct-10,
1-Nov-10,41.746
2-Nov-10,
3-Nov-10,
4-Nov-10,67.566
5-Nov-10,
6-Nov-10,
7-Nov-10,
8-Nov-10,
9-Nov-10,
10-Nov-10,
11-Nov-10,
12-Nov-10,
13-Nov-10,
14-Nov-10,
15-Nov-10,
16-Nov-10,
17-Nov-10,
18-Nov-10,
19-Nov-10,
20-Nov-10,
21-Nov-10,
22-Nov-10,
23-Nov-10,
24-Nov-10,
25-Nov-10,
26-Nov-10,
27-Nov-10,
28-Nov-10,
29-Nov-10,
30-Nov-10,
1-Dec-10,
2-Dec-10,
3-Dec-10,
4-Dec-10,
5-Dec-10,
6-Dec-10,
7-Dec-10,
8-Dec-10,
9-Dec-10,
10-Dec-10,
11-Dec-10,
12-Dec-10,
13-Dec-10,
14-Dec-10,
15-Dec-10,
16-Dec-10,
17-Dec-10,
18-Dec-10,
19-Dec-10,
20-Dec-10,
21-Dec-10,
22-Dec-10,
23-Dec-10,
24-Dec-10,
25-Dec-10,
26-Dec-10,
27-Dec-10,
28-Dec-10,
29-Dec-10,
30-Dec-10,
31-Dec-10,
1-Jan-11,
2-Jan-11,
3-Jan-11,
4-Jan-11,
5-Jan-11,
6-Jan-11,
7-Jan-11,
8-Jan-11,
9-Jan-11,
10-Jan-11,
11-Jan-11,
12-Jan-11,
13-Jan-11,
14-Jan-11,
15-Jan-11,
16-Jan-11,
17-Jan-11,
18-Jan-11,
19-Jan-11,
20-Jan-11,
21-Jan-11,
22-Jan-11,
23-Jan-11,
24-Jan-11,
25-Jan-11,
26-Jan-11,
27-Jan-11,
28-Jan-11,
29-Jan-11,
30-Jan-11,
31-Jan-11,
1-Feb-11,
2-Feb-11,
3-Feb-11,
4-Feb-11,
5-Feb-11,
6-Feb-11,45.398
7-Feb-11,
8-Feb-11,60.068
9-Feb-11,51.975
10-Feb-11,
11-Feb-11,59.23
12-Feb-11,
13-Feb-11,
14-Feb-11,
15-Feb-11,60.29
16-Feb-11,65.695
17-Feb-11,67.587
18-Feb-11,62.837
19-Feb-11,67.729
20-Feb-11,67.232
21-Feb-11,
22-Feb-11,
23-Feb-11,68.359
24-Feb-11,
25-Feb-11,
26-Feb-11,
27-Feb-11,
28-Feb-11,70.283
1-Mar-11,66.006
2-Mar-11,70.342
3-Mar-11,72.025
4-Mar-11,76.163
5-Mar-11,77.449
6-Mar-11,
7-Mar-11,73.198
8-Mar-11,68.156
9-Mar-11,75.178
10-Mar-11,
11-Mar-11,64.93
12-Mar-11,67.071
13-Mar-11,70.642
14-Mar-11,74.515
15-Mar-11,72.808
16-Mar-11,
17-Mar-11,67.629
18-Mar-11,68.673
19-Mar-11,76.672
20-Mar-11,71.353
21-Mar-11,80.11
22-Mar-11,78.311
23-Mar-11,83.383
24-Mar-11,79.389
25-Mar-11,84.04
26-Mar-11,78.621
27-Mar-11,
28-Mar-11,
29-Mar-11,70.582
30-Mar-11,
31-Mar-11,70.779
1-Apr-11,65.324
2-Apr-11,71.369
3-Apr-11,79.843
4-Apr-11,77.027
5-Apr-11,76.921
6-Apr-11,75.506
7-Apr-11,69.773
8-Apr-11,
9-Apr-11,74.134
10-Apr-11,79.106
11-Apr-11,77.887
12-Apr-11,80.211
13-Apr-11,79.758
14-Apr-11,80.493
15-Apr-11,81.456
16-Apr-11,
17-Apr-11,68.128
18-Apr-11,
19-Apr-11,70.567
20-Apr-11,71.698
21-Apr-11,70.865
22-Apr-11,73.406
23-Apr-11,72.277
24-Apr-11,80.454
25-Apr-11,77.649
26-Apr-11,83.428
27-Apr-11,
28-Apr-11,72.648
29-Apr-11,81.246
30-Apr-11,78.988
1-May-11,78.182
2-May-11,80.306
3-May-11,77.21
4-May-11,78.988
5-May-11,
6-May-11,80.569
7-May-11,
8-May-11,73.807
9-May-11,74.268
10-May-11,
11-May-11,
12-May-11,73.723
13-May-11,
14-May-11,
15-May-11,
16-May-11,
17-May-11,93.457
18-May-11,90.615
19-May-11,90.887
20-May-11,88.89
21-May-11,79
22-May-11,72.915
23-May-11,55.093
24-May-11,1.699
25-May-11,0
26-May-11,0
27-May-11,8.468
28-May-11,24.557
29-May-11,1.07
30-May-11,28.044
31-May-11,
1-Jun-11,29
2-Jun-11,13.135
3-Jun-11,0.462
4-Jun-11,0
5-Jun-11,0
6-Jun-11,7.619
7-Jun-11,
8-Jun-11,
9-Jun-11,
10-Jun-11,
11-Jun-11,
12-Jun-11,
13-Jun-11,56.587
14-Jun-11,0
15-Jun-11,0
16-Jun-11,0
17-Jun-11,0.445
18-Jun-11,
19-Jun-11,0
20-Jun-11,0
21-Jun-11,0.614
22-Jun-11,0
23-Jun-11,0
24-Jun-11,0
25-Jun-11,0
26-Jun-11,0
27-Jun-11,0
28-Jun-11,0
29-Jun-11,
30-Jun-11,
1-Jul-11,0
2-Jul-11,0
3-Jul-11,
4-Jul-11,
5-Jul-11,0
6-Jul-11,
7-Jul-11,0
8-Jul-11,
9-Jul-11,
10-Jul-11,
11-Jul-11,0
12-Jul-11,
13-Jul-11,0
14-Jul-11,0
15-Jul-11,0
16-Jul-11,
17-Jul-11,
18-Jul-11,
19-Jul-11,
20-Jul-11,0
21-Jul-11,0.331
22-Jul-11,0
23-Jul-11,0
24-Jul-11,
25-Jul-11,
26-Jul-11,0
27-Jul-11,
28-Jul-11,0
29-Jul-11,0
30-Jul-11,0
31-Jul-11,20
1-Aug-11,0
2-Aug-11,0
3-Aug-11,0.189
4-Aug-11,0
5-Aug-11,0
6-Aug-11,0
7-Aug-11,
8-Aug-11,
9-Aug-11,
10-Aug-11,
11-Aug-11,
12-Aug-11,
13-Aug-11,0
14-Aug-11,0
15-Aug-11,
16-Aug-11,
17-Aug-11,
18-Aug-11,
19-Aug-11,0
20-Aug-11,0
21-Aug-11,
22-Aug-11,
23-Aug-11,
24-Aug-11,
25-Aug-11,
26-Aug-11,0
27-Aug-11,0
28-Aug-11,
29-Aug-11,0
30-Aug-11,0
31-Aug-11,0
1-Sep-11,0
2-Sep-11,0
3-Sep-11,
4-Sep-11,
5-Sep-11,
6-Sep-11,0.446
7-Sep-11,
8-Sep-11,0
9-Sep-11,
10-Sep-11,
11-Sep-11,
12-Sep-11,0
13-Sep-11,0
14-Sep-11,
15-Sep-11,
16-Sep-11,
17-Sep-11,
18-Sep-11,
19-Sep-11,
20-Sep-11,
21-Sep-11,
22-Sep-11,
23-Sep-11,
24-Sep-11,
25-Sep-11,10.427
26-Sep-11,
27-Sep-11,10.287
28-Sep-11,
29-Sep-11,5.693
30-Sep-11,
1-Oct-11,50.104
2-Oct-11,34.992
3-Oct-11,20.586
4-Oct-11,
5-Oct-11,18.727
6-Oct-11,37.265
7-Oct-11,10.294
8-Oct-11,
9-Oct-11,
10-Oct-11,51.456
11-Oct-11,
12-Oct-11,
13-Oct-11,49.933
14-Oct-11,
15-Oct-11,
16-Oct-11,
17-Oct-11,54.383
18-Oct-11,
19-Oct-11,47.573
20-Oct-11,
21-Oct-11,
22-Oct-11,
23-Oct-11,
24-Oct-11,
25-Oct-11,
26-Oct-11,46.023
27-Oct-11,52.871
28-Oct-11,48.674
29-Oct-11,65.449
30-Oct-11,
31-Oct-11,52.779
1-Nov-11,
2-Nov-11,
3-Nov-11,
4-Nov-11,
5-Nov-11,
6-Nov-11,
7-Nov-11,
8-Nov-11,
9-Nov-11,
10-Nov-11,
11-Nov-11,
12-Nov-11,
13-Nov-11,
14-Nov-11,
15-Nov-11,
16-Nov-11,
17-Nov-11,
18-Nov-11,
19-Nov-11,
20-Nov-11,
21-Nov-11,
22-Nov-11,
23-Nov-11,
24-Nov-11,
25-Nov-11,
26-Nov-11,
27-Nov-11,
28-Nov-11,
29-Nov-11,
30-Nov-11,
1-Dec-11,
2-Dec-11,
3-Dec-11,
4-Dec-11,
5-Dec-11,
6-Dec-11,
7-Dec-11,
8-Dec-11,
9-Dec-11,
10-Dec-11,
11-Dec-11,
12-Dec-11,
13-Dec-11,
14-Dec-11,
15-Dec-11,
16-Dec-11,
17-Dec-11,
18-Dec-11,
19-Dec-11,
20-Dec-11,
21-Dec-11,
22-Dec-11,
23-Dec-11,
24-Dec-11,
25-Dec-11,
26-Dec-11,
27-Dec-11,
28-Dec-11,
29-Dec-11,
30-Dec-11,
31-Dec-11,
1-Jan-12,
2-Jan-12,
3-Jan-12,
4-Jan-12,
5-Jan-12,
6-Jan-12,
7-Jan-12,
8-Jan-12,
9-Jan-12,
10-Jan-12,
11-Jan-12,
12-Jan-12,
13-Jan-12,
14-Jan-12,
15-Jan-12,
16-Jan-12,
17-Jan-12,
18-Jan-12,
19-Jan-12,
20-Jan-12,
21-Jan-12,
22-Jan-12,
23-Jan-12,
24-Jan-12,
25-Jan-12,
26-Jan-12,
27-Jan-12,
28-Jan-12,
29-Jan-12,
30-Jan-12,
31-Jan-12,
1-Feb-12,
2-Feb-12,
3-Feb-12,
4-Feb-12,
5-Feb-12,
6-Feb-12,68.788
7-Feb-12,63.761
8-Feb-12,67.163
9-Feb-12,65.295
10-Feb-12,79.028
11-Feb-12,63.972
12-Feb-12,
13-Feb-12,55.238
14-Feb-12,
15-Feb-12,
16-Feb-12,
17-Feb-12,
18-Feb-12,
19-Feb-12,
20-Feb-12,
21-Feb-12,60.938
22-Feb-12,65.045
23-Feb-12,60.713
24-Feb-12,61.764
25-Feb-12,
26-Feb-12,
27-Feb-12,60.816
28-Feb-12,60.8
29-Feb-12,
1-Mar-12,
2-Mar-12,
3-Mar-12,63.889
4-Mar-12,
5-Mar-12,68.986
6-Mar-12,63.033
7-Mar-12,70.826
8-Mar-12,65.057
9-Mar-12,63.634
10-Mar-12,
11-Mar-12,64.787
12-Mar-12,69.367
13-Mar-12,
14-Mar-12,
15-Mar-12,63.814
16-Mar-12,65.427
17-Mar-12,
18-Mar-12,66.498
19-Mar-12,65.433
20-Mar-12,
21-Mar-12,
22-Mar-12,66.484
23-Mar-12,
24-Mar-12,
25-Mar-12,67.15
26-Mar-12,
27-Mar-12,
28-Mar-12,
29-Mar-12,
30-Mar-12,
31-Mar-12,71.447
1-Apr-12,73.554
2-Apr-12,65.267
3-Apr-12,67
4-Apr-12,
5-Apr-12,68
6-Apr-12,
7-Apr-12,
8-Apr-12,69.854
9-Apr-12,
10-Apr-12,
11-Apr-12,73.476
12-Apr-12,77.706
13-Apr-12,77.394
14-Apr-12,80.236
15-Apr-12,79.608
16-Apr-12,79.871
17-Apr-12,77.842
18-Apr-12,80.267
19-Apr-12,
20-Apr-12,
21-Apr-12,71.261
22-Apr-12,76
23-Apr-12,
24-Apr-12,80.615
25-Apr-12,78.043
26-Apr-12,
27-Apr-12,
28-Apr-12,
29-Apr-12,
30-Apr-12,
1-May-12,
2-May-12,
3-May-12,77.492
4-May-12,
5-May-12,
6-May-12,
7-May-12,
8-May-12,
9-May-12,
10-May-12,
11-May-12,67.289
12-May-12,89.387
13-May-12,91.634
14-May-12,
15-May-12,
16-May-12,
17-May-12,
18-May-12,83.347
19-May-12,89.451
20-May-12,77.838
21-May-12,64.47
22-May-12,52.07
23-May-12,37.277
24-May-12,27
25-May-12,
26-May-12,
27-May-12,
28-May-12,10.27
29-May-12,12.058
30-May-12,2.989
31-May-12,5.265
1-Jun-12,16.067
2-Jun-12,
3-Jun-12,
4-Jun-12,1.348
5-Jun-12,1.171
6-Jun-12,19.865
7-Jun-12,
8-Jun-12,
9-Jun-12,0
10-Jun-12,0
11-Jun-12,0.179
12-Jun-12,24.662
13-Jun-12,0.103
14-Jun-12,0
15-Jun-12,0
16-Jun-12,0
17-Jun-12,0
18-Jun-12,
19-Jun-12,1.198
20-Jun-12,0
21-Jun-12,0
22-Jun-12,0
23-Jun-12,0.039
24-Jun-12,1.346
25-Jun-12,0
26-Jun-12,
27-Jun-12,0
28-Jun-12,0
29-Jun-12,0
30-Jun-12,0
1-Jul-12,0
2-Jul-12,0
3-Jul-12,0
4-Jul-12,0
5-Jul-12,0
6-Jul-12,0
7-Jul-12,0
8-Jul-12,
9-Jul-12,
10-Jul-12,
11-Jul-12,0
12-Jul-12,0
13-Jul-12,0
14-Jul-12,
15-Jul-12,0
16-Jul-12,
17-Jul-12,
18-Jul-12,
19-Jul-12,
20-Jul-12,
21-Jul-12,
22-Jul-12,
23-Jul-12,0
24-Jul-12,0
25-Jul-12,
26-Jul-12,
27-Jul-12,0
28-Jul-12,0
29-Jul-12,0
30-Jul-12,0
31-Jul-12,0
1-Aug-12,
2-Aug-12,
3-Aug-12,
4-Aug-12,0
5-Aug-12,1.135
6-Aug-12,0
7-Aug-12,
8-Aug-12,
9-Aug-12,0
10-Aug-12,
11-Aug-12,
12-Aug-12,
13-Aug-12,
14-Aug-12,
15-Aug-12,
16-Aug-12,
17-Aug-12,0
18-Aug-12,0
19-Aug-12,
20-Aug-12,0
21-Aug-12,0
22-Aug-12,0
23-Aug-12,0
24-Aug-12,0
25-Aug-12,0.075
26-Aug-12,
27-Aug-12,
28-Aug-12,53.58
29-Aug-12,0.059
30-Aug-12,0
31-Aug-12,
1-Sep-12,
2-Sep-12,
3-Sep-12,
4-Sep-12,
5-Sep-12,0
6-Sep-12,
7-Sep-12,
8-Sep-12,
9-Sep-12,
10-Sep-12,
11-Sep-12,20.095
12-Sep-12,46.16
13-Sep-12,
14-Sep-12,0.074
15-Sep-12,0
16-Sep-12,
17-Sep-12,0
18-Sep-12,0
19-Sep-12,
20-Sep-12,0
21-Sep-12,
22-Sep-12,0.171
23-Sep-12,
24-Sep-12,
25-Sep-12,
26-Sep-12,
27-Sep-12,
28-Sep-12,28.346
29-Sep-12,
30-Sep-12,
1-Oct-12,1.34
2-Oct-12,0
3-Oct-12,0.026
4-Oct-12,0.691
5-Oct-12,0.038
6-Oct-12,0
7-Oct-12,0.025
8-Oct-12,0
9-Oct-12,53.676
10-Oct-12,50.641
11-Oct-12,46
12-Oct-12,58.516
13-Oct-12,50.151
14-Oct-12,
15-Oct-12,
16-Oct-12,
17-Oct-12,
18-Oct-12,52.655
19-Oct-12,54.543
20-Oct-12,
21-Oct-12,63.633
22-Oct-12,74.413
23-Oct-12,74.657
24-Oct-12,
25-Oct-12,62.835
26-Oct-12,63.026
27-Oct-12,59.415
28-Oct-12,62.669
29-Oct-12,54.034
30-Oct-12,69.972
31-Oct-12,61.548
1-Nov-12,
2-Nov-12,
3-Nov-12,
4-Nov-12,
5-Nov-12,
6-Nov-12,
7-Nov-12,
8-Nov-12,
9-Nov-12,
10-Nov-12,
11-Nov-12,
12-Nov-12,
13-Nov-12,
14-Nov-12,
15-Nov-12,
16-Nov-12,
17-Nov-12,
18-Nov-12,
19-Nov-12,
20-Nov-12,
21-Nov-12,
22-Nov-12,
23-Nov-12,
24-Nov-12,
25-Nov-12,
26-Nov-12,
27-Nov-12,
28-Nov-12,
29-Nov-12,
30-Nov-12,
1-Dec-12,
2-Dec-12,
3-Dec-12,
4-Dec-12,
5-Dec-12,
6-Dec-12,
7-Dec-12,
8-Dec-12,
9-Dec-12,
10-Dec-12,
11-Dec-12,
12-Dec-12,
13-Dec-12,
14-Dec-12,
15-Dec-12,
16-Dec-12,
17-Dec-12,
18-Dec-12,
19-Dec-12,
20-Dec-12,
21-Dec-12,
22-Dec-12,
23-Dec-12,
24-Dec-12,
25-Dec-12,
26-Dec-12,
27-Dec-12,
28-Dec-12,
29-Dec-12,
30-Dec-12,
31-Dec-12,
1-Jan-13,
2-Jan-13,
3-Jan-13,
4-Jan-13,
5-Jan-13,
6-Jan-13,
7-Jan-13,
8-Jan-13,
9-Jan-13,
10-Jan-13,
11-Jan-13,
12-Jan-13,
13-Jan-13,
14-Jan-13,
15-Jan-13,
16-Jan-13,
17-Jan-13,
18-Jan-13,
19-Jan-13,
20-Jan-13,
21-Jan-13,
22-Jan-13,
23-Jan-13,
24-Jan-13,
25-Jan-13,
26-Jan-13,
27-Jan-13,
28-Jan-13,
29-Jan-13,
30-Jan-13,
31-Jan-13,
1-Feb-13,
2-Feb-13,
3-Feb-13,
4-Feb-13,
5-Feb-13,
6-Feb-13,55.604
7-Feb-13,25.073
8-Feb-13,54.885
9-Feb-13,55.215
10-Feb-13,47.075
11-Feb-13,65.693
12-Feb-13,
13-Feb-13,
14-Feb-13,56.588
15-Feb-13,54.265
16-Feb-13,
17-Feb-13,
18-Feb-13,
19-Feb-13,
20-Feb-13,
21-Feb-13,60.718
22-Feb-13,59.813
23-Feb-13,
24-Feb-13,51.748
25-Feb-13,70.15
26-Feb-13,69.034
27-Feb-13,77.933
28-Feb-13,
1-Mar-13,
2-Mar-13,
3-Mar-13,60
4-Mar-13,
5-Mar-13,66.47
6-Mar-13,63.842
7-Mar-13,74.115
8-Mar-13,
9-Mar-13,60.054
10-Mar-13,
11-Mar-13,66.02
12-Mar-13,72.424
13-Mar-13,
14-Mar-13,65.018
15-Mar-13,65.64
16-Mar-13,69.978
17-Mar-13,69.969
18-Mar-13,
19-Mar-13,65.278
20-Mar-13,
21-Mar-13,73.241
22-Mar-13,71.972
23-Mar-13,78.351
24-Mar-13,71.646
25-Mar-13,
26-Mar-13,
27-Mar-13,66
28-Mar-13,75.401
29-Mar-13,72.587
30-Mar-13,73.106
31-Mar-13,70.897
1-Apr-13,
2-Apr-13,67.072
3-Apr-13,69.646
4-Apr-13,70.723
5-Apr-13,
6-Apr-13,70.784
7-Apr-13,70.547
8-Apr-13,
9-Apr-13,
10-Apr-13,68.777
11-Apr-13,
12-Apr-13,
13-Apr-13,81.549
14-Apr-13,
15-Apr-13,72.796
16-Apr-13,73.644
17-Apr-13,80.379
18-Apr-13,
19-Apr-13,75.578
20-Apr-13,77.119
21-Apr-13,
22-Apr-13,82.227
23-Apr-13,81.284
24-Apr-13,
25-Apr-13,76.652
26-Apr-13,69.821
27-Apr-13,
28-Apr-13,69.039
29-Apr-13,
30-Apr-13,77.323
1-May-13,
2-May-13,70.158
3-May-13,77.152
4-May-13,66.908
5-May-13,73.112
6-May-13,72.43
7-May-13,72.577
8-May-13,81.579
9-May-13,
10-May-13,82.99
11-May-13,83.548
12-May-13,
13-May-13,
14-May-13,70.457
15-May-13,79.365
16-May-13,90.623
17-May-13,90.526
18-May-13,
19-May-13,
20-May-13,88.495
21-May-13,90.4
22-May-13,93.371
23-May-13,
24-May-13,
25-May-13,88.225
26-May-13,83.987
27-May-13,
28-May-13,
29-May-13,75.605
30-May-13,
31-May-13,
1-Jun-13,
2-Jun-13,63.879
3-Jun-13,40.414
4-Jun-13,
5-Jun-13,61.857
6-Jun-13,82.613
7-Jun-13,79.11
8-Jun-13,8.325
9-Jun-13,0
10-Jun-13,4.983
11-Jun-13,2.08
12-Jun-13,
13-Jun-13,0
14-Jun-13,0
15-Jun-13,
16-Jun-13,
17-Jun-13,0
18-Jun-13,0
19-Jun-13,0
20-Jun-13,0
21-Jun-13,0
22-Jun-13,
23-Jun-13,0.079
24-Jun-13,
25-Jun-13,
26-Jun-13,0
27-Jun-13,0
28-Jun-13,0
29-Jun-13,
30-Jun-13,0.623
1-Jul-13,0
2-Jul-13,0.239
3-Jul-13,
4-Jul-13,
5-Jul-13,0
6-Jul-13,0
7-Jul-13,0
8-Jul-13,0
9-Jul-13,
10-Jul-13,0
11-Jul-13,
12-Jul-13,0.61
13-Jul-13,0
14-Jul-13,0
15-Jul-13,0
16-Jul-13,0
17-Jul-13,
18-Jul-13,
19-Jul-13,0
20-Jul-13,0
21-Jul-13,0
22-Jul-13,0
23-Jul-13,
24-Jul-13,
25-Jul-13,
26-Jul-13,0
27-Jul-13,0
28-Jul-13,
29-Jul-13,
30-Jul-13,
31-Jul-13,
1-Aug-13,0
2-Aug-13,0
3-Aug-13,1.417
4-Aug-13,0
5-Aug-13,0
6-Aug-13,
7-Aug-13,0
8-Aug-13,0
9-Aug-13,0
10-Aug-13,
11-Aug-13,0
12-Aug-13,0
13-Aug-13,
14-Aug-13,
15-Aug-13,
16-Aug-13,
17-Aug-13,
18-Aug-13,
19-Aug-13,
20-Aug-13,
21-Aug-13,
22-Aug-13,
23-Aug-13,0
24-Aug-13,
25-Aug-13,
26-Aug-13,7.618
27-Aug-13,0
28-Aug-13,0
29-Aug-13,0.018
30-Aug-13,
31-Aug-13,
1-Sep-13,
2-Sep-13,0
3-Sep-13,
4-Sep-13,
5-Sep-13,1.382
6-Sep-13,0
7-Sep-13,
8-Sep-13,
9-Sep-13,
10-Sep-13,0
11-Sep-13,0
12-Sep-13,
13-Sep-13,0
14-Sep-13,
15-Sep-13,
16-Sep-13,8.708
17-Sep-13,3.27
18-Sep-13,16.893
19-Sep-13,16.446
20-Sep-13,
21-Sep-13,0
22-Sep-13,
23-Sep-13,
24-Sep-13,1.067
25-Sep-13,0
26-Sep-13,
27-Sep-13,
28-Sep-13,
29-Sep-13,
30-Sep-13,
1-Oct-13,
2-Oct-13,2.398
3-Oct-13,
4-Oct-13,22.649
5-Oct-13,
6-Oct-13,0
7-Oct-13,
8-Oct-13,5.397
9-Oct-13,
10-Oct-13,
11-Oct-13,
12-Oct-13,0
13-Oct-13,
14-Oct-13,
15-Oct-13,0
16-Oct-13,0
17-Oct-13,
18-Oct-13,0
19-Oct-13,
20-Oct-13,
21-Oct-13,0.097
22-Oct-13,0
23-Oct-13,0
24-Oct-13,
25-Oct-13,45.851
26-Oct-13,
27-Oct-13,
28-Oct-13,
29-Oct-13,
30-Oct-13,
31-Oct-13,52.118
1-Nov-13,36.78
2-Nov-13,42.552
3-Nov-13,51.002
4-Nov-13,
5-Nov-13,
6-Nov-13,
7-Nov-13,
8-Nov-13,
9-Nov-13,
10-Nov-13,
11-Nov-13,
12-Nov-13,
13-Nov-13,
14-Nov-13,
15-Nov-13,
16-Nov-13,
17-Nov-13,
18-Nov-13,
19-Nov-13,
20-Nov-13,
21-Nov-13,
22-Nov-13,
23-Nov-13,
24-Nov-13,
25-Nov-13,
26-Nov-13,
27-Nov-13,
28-Nov-13,
29-Nov-13,
30-Nov-13,
1-Dec-13,
2-Dec-13,
3-Dec-13,
4-Dec-13,
5-Dec-13,
6-Dec-13,
7-Dec-13,
8-Dec-13,
9-Dec-13,
10-Dec-13,
11-Dec-13,
12-Dec-13,
13-Dec-13,
14-Dec-13,
15-Dec-13,
16-Dec-13,
17-Dec-13,
18-Dec-13,
19-Dec-13,
20-Dec-13,
21-Dec-13,
22-Dec-13,
23-Dec-13,
24-Dec-13,
25-Dec-13,
26-Dec-13,
27-Dec-13,
28-Dec-13,
29-Dec-13,
30-Dec-13,
31-Dec-13,
1-Jan-14,
2-Jan-14,
3-Jan-14,
4-Jan-14,
5-Jan-14,
6-Jan-14,
7-Jan-14,
8-Jan-14,
9-Jan-14,
10-Jan-14,
11-Jan-14,
12-Jan-14,
13-Jan-14,
14-Jan-14,
15-Jan-14,
16-Jan-14,
17-Jan-14,
18-Jan-14,
19-Jan-14,
20-Jan-14,
21-Jan-14,
22-Jan-14,
23-Jan-14,
24-Jan-14,
25-Jan-14,
26-Jan-14,
27-Jan-14,
28-Jan-14,
29-Jan-14,
30-Jan-14,
31-Jan-14,
1-Feb-14,
2-Feb-14,
3-Feb-14,
4-Feb-14,
5-Feb-14,
6-Feb-14,
7-Feb-14,61.885
8-Feb-14,61.902
9-Feb-14,
10-Feb-14,59.747
11-Feb-14,
12-Feb-14,56.509
13-Feb-14,
14-Feb-14,52.031
15-Feb-14,59.55
16-Feb-14,
17-Feb-14,62.188
18-Feb-14,59.841
19-Feb-14,
20-Feb-14,65.109
21-Feb-14,60.117
22-Feb-14,70.817
23-Feb-14,72.224
24-Feb-14,72.066
25-Feb-14,72.557
26-Feb-14,
27-Feb-14,
28-Feb-14,68.96
1-Mar-14,76.051
2-Mar-14,
3-Mar-14,
4-Mar-14,
5-Mar-14,67.105
6-Mar-14,64.429
7-Mar-14,59.379
8-Mar-14,
9-Mar-14,
10-Mar-14,64.592
11-Mar-14,61.82
12-Mar-14,75.29
13-Mar-14,78.838
14-Mar-14,75.543
15-Mar-14,78.327
16-Mar-14,
17-Mar-14,
18-Mar-14,
19-Mar-14,
20-Mar-14,
21-Mar-14,64.973
22-Mar-14,
23-Mar-14,
24-Mar-14,75.557
25-Mar-14,76.232
26-Mar-14,81.225
27-Mar-14,82.548
28-Mar-14,83.509
29-Mar-14,85.551
30-Mar-14,79.983
31-Mar-14,
1-Apr-14,79.45
2-Apr-14,78.145
3-Apr-14,81.473
4-Apr-14,84.85
5-Apr-14,80.936
6-Apr-14,73.097
7-Apr-14,68.661
8-Apr-14,
9-Apr-14,77.044
10-Apr-14,76.255
11-Apr-14,74.201
12-Apr-14,77.972
13-Apr-14,81.332
14-Apr-14,
15-Apr-14,84.264
16-Apr-14,86.972
17-Apr-14,
18-Apr-14,
19-Apr-14,
20-Apr-14,82.456
21-Apr-14,75.553
22-Apr-14,80.758
23-Apr-14,85.308
24-Apr-14,77.482
25-Apr-14,85.447
26-Apr-14,68.455
27-Apr-14,
28-Apr-14,69.808
29-Apr-14,77.852
30-Apr-14,
1-May-14,72.9
2-May-14,
3-May-14,92.652
4-May-14,84.1
5-May-14,
6-May-14,73.663
7-May-14,
8-May-14,
9-May-14,
10-May-14,66.668
11-May-14,86.86
12-May-14,
13-May-14,
14-May-14,70.606
15-May-14,
16-May-14,
17-May-14,
18-May-14,
19-May-14,42.487
20-May-14,
21-May-14,
22-May-14,40.793
23-May-14,
24-May-14,
25-May-14,
26-May-14,37.142
27-May-14,17.669
28-May-14,2.107
29-May-14,9.556
30-May-14,
31-May-14,10.302
1-Jun-14,
2-Jun-14,22
3-Jun-14,22.556
4-Jun-14,2.792
5-Jun-14,
6-Jun-14,
7-Jun-14,0
8-Jun-14,0.203
9-Jun-14,0
10-Jun-14,0
11-Jun-14,0.02
12-Jun-14,
13-Jun-14,
14-Jun-14,
15-Jun-14,0
16-Jun-14,0
17-Jun-14,0
18-Jun-14,
19-Jun-14,
20-Jun-14,
21-Jun-14,0.867
22-Jun-14,0
23-Jun-14,0
24-Jun-14,0
25-Jun-14,0
26-Jun-14,
27-Jun-14,0
28-Jun-14,0
29-Jun-14,0
30-Jun-14,0
1-Jul-14,0
2-Jul-14,0
3-Jul-14,0
4-Jul-14,
5-Jul-14,0
6-Jul-14,0
7-Jul-14,
8-Jul-14,
9-Jul-14,0
10-Jul-14,0
11-Jul-14,0
12-Jul-14,0
13-Jul-14,0
14-Jul-14,0
15-Jul-14,
16-Jul-14,0
17-Jul-14,0
18-Jul-14,0
19-Jul-14,0
20-Jul-14,
21-Jul-14,0
22-Jul-14,
23-Jul-14,0
24-Jul-14,0
25-Jul-14,
26-Jul-14,
27-Jul-14,
28-Jul-14,
29-Jul-14,
30-Jul-14,0
31-Jul-14,0
1-Aug-14,
2-Aug-14,8.122
3-Aug-14,
4-Aug-14,0
5-Aug-14,
6-Aug-14,
7-Aug-14,0
8-Aug-14,0
9-Aug-14,0
10-Aug-14,0
11-Aug-14,0
12-Aug-14,9.44
13-Aug-14,
14-Aug-14,
15-Aug-14,0
16-Aug-14,
17-Aug-14,0
18-Aug-14,0
19-Aug-14,0
20-Aug-14,0
21-Aug-14,
22-Aug-14,
23-Aug-14,0
24-Aug-14,
25-Aug-14,
26-Aug-14,0
27-Aug-14,0
28-Aug-14,0
29-Aug-14,0.025
30-Aug-14,
31-Aug-14,
1-Sep-14,
2-Sep-14,
3-Sep-14,
4-Sep-14,
5-Sep-14,
6-Sep-14,0
7-Sep-14,0
8-Sep-14,0
9-Sep-14,0
10-Sep-14,
11-Sep-14,
12-Sep-14,0
13-Sep-14,0
14-Sep-14,0
15-Sep-14,
16-Sep-14,
17-Sep-14,
18-Sep-14,
19-Sep-14,
20-Sep-14,
21-Sep-14,48.228
22-Sep-14,
23-Sep-14,
24-Sep-14,0.479
25-Sep-14,
26-Sep-14,1.208
27-Sep-14,
28-Sep-14,0
29-Sep-14,
30-Sep-14,0
1-Oct-14,
2-Oct-14,
3-Oct-14,
4-Oct-14,
5-Oct-14,
6-Oct-14,
7-Oct-14,
8-Oct-14,
9-Oct-14,66.155
10-Oct-14,
11-Oct-14,56.11
12-Oct-14,
13-Oct-14,
14-Oct-14,
15-Oct-14,
16-Oct-14,
17-Oct-14,
18-Oct-14,56.566
19-Oct-14,46.159
20-Oct-14,49.677
21-Oct-14,47.209
22-Oct-14,57.08
23-Oct-14,46.923
24-Oct-14,
25-Oct-14,61.016
26-Oct-14,65.539
27-Oct-14,68.325
28-Oct-14,70.312
29-Oct-14,
30-Oct-14,
31-Oct-14,
1-Nov-14,58.008
2-Nov-14,
3-Nov-14,57.588
4-Nov-14,
5-Nov-14,
6-Nov-14,
7-Nov-14,
8-Nov-14,
9-Nov-14,
10-Nov-14,
11-Nov-14,
12-Nov-14,
13-Nov-14,
14-Nov-14,
15-Nov-14,
16-Nov-14,
17-Nov-14,
18-Nov-14,
19-Nov-14,
20-Nov-14,
21-Nov-14,
22-Nov-14,
23-Nov-14,
24-Nov-14,
25-Nov-14,
26-Nov-14,
27-Nov-14,
28-Nov-14,
29-Nov-14,
30-Nov-14,
1-Dec-14,
2-Dec-14,
3-Dec-14,
4-Dec-14,
5-Dec-14,
6-Dec-14,
7-Dec-14,
8-Dec-14,
9-Dec-14,
10-Dec-14,
11-Dec-14,
12-Dec-14,
13-Dec-14,
14-Dec-14,
15-Dec-14,
16-Dec-14,
17-Dec-14,
18-Dec-14,
19-Dec-14,
20-Dec-14,
21-Dec-14,
22-Dec-14,
23-Dec-14,
24-Dec-14,
25-Dec-14,
26-Dec-14,
27-Dec-14,
28-Dec-14,
29-Dec-14,
30-Dec-14,
31-Dec-14,
1-Jan-15,
2-Jan-15,
3-Jan-15,
4-Jan-15,
5-Jan-15,
6-Jan-15,
7-Jan-15,
8-Jan-15,
9-Jan-15,
10-Jan-15,
11-Jan-15,
12-Jan-15,
13-Jan-15,
14-Jan-15,
15-Jan-15,
16-Jan-15,
17-Jan-15,
18-Jan-15,
19-Jan-15,
20-Jan-15,
21-Jan-15,
22-Jan-15,
23-Jan-15,
24-Jan-15,
25-Jan-15,
26-Jan-15,
27-Jan-15,
28-Jan-15,
29-Jan-15,
30-Jan-15,
31-Jan-15,
1-Feb-15,
2-Feb-15,
3-Feb-15,
4-Feb-15,
5-Feb-15,
6-Feb-15,53.227
7-Feb-15,53.133
8-Feb-15,21.095
9-Feb-15,51.046
10-Feb-15,53.97
11-Feb-15,59.77
12-Feb-15,
13-Feb-15,29.974
14-Feb-15,84.782
15-Feb-15,
16-Feb-15,57.731
17-Feb-15,
18-Feb-15,
19-Feb-15,85.654
20-Feb-15,61.105
21-Feb-15,58.295
22-Feb-15,56.662
23-Feb-15,
24-Feb-15,72.59
25-Feb-15,67.987
26-Feb-15,
27-Feb-15,59.393
28-Feb-15,
1-Mar-15,59.796
2-Mar-15,74.95
3-Mar-15,67.356
4-Mar-15,79.024
5-Mar-15,66.918
6-Mar-15,65.229
7-Mar-15,68.825
8-Mar-15,64.958
9-Mar-15,64.064
10-Mar-15,
11-Mar-15,66.794
12-Mar-15,64.585
13-Mar-15,
14-Mar-15,57.218
15-Mar-15,68.942
16-Mar-15,73.951
17-Mar-15,
18-Mar-15,77.713
19-Mar-15,77.617
20-Mar-15,82.683
21-Mar-15,80.289
22-Mar-15,82.82
23-Mar-15,82.659
24-Mar-15,
25-Mar-15,71.45
26-Mar-15,77.059
27-Mar-15,
28-Mar-15,
29-Mar-15,73.327
30-Mar-15,73.901
31-Mar-15,77.465
1-Apr-15,78.764
2-Apr-15,73.466
3-Apr-15,80.329
4-Apr-15,78.382
5-Apr-15,76.672
6-Apr-15,74.477
7-Apr-15,78.316
8-Apr-15,
9-Apr-15,
10-Apr-15,
11-Apr-15,
12-Apr-15,
13-Apr-15,
14-Apr-15,
15-Apr-15,
16-Apr-15,
17-Apr-15,
18-Apr-15,72.43
19-Apr-15,79.092
20-Apr-15,75.934
21-Apr-15,81.144
22-Apr-15,83.817
23-Apr-15,87.916
24-Apr-15,89.254
25-Apr-15,89.822
26-Apr-15,89.094
27-Apr-15,86.36
28-Apr-15,79.602
29-Apr-15,
30-Apr-15,
1-May-15,
2-May-15,
3-May-15,79.13
4-May-15,80.063
5-May-15,
6-May-15,
7-May-15,84.658
8-May-15,88.918
9-May-15,76.433
10-May-15,
11-May-15,57.928
12-May-15,
13-May-15,66.463
14-May-15,
15-May-15,51.343
16-May-15,31.514
17-May-15,12.832
18-May-15,0
19-May-15,0
20-May-15,4.08
21-May-15,0
22-May-15,4.136
23-May-15,2.259
24-May-15,7.278
25-May-15,11.184
26-May-15,2.284
27-May-15,0
28-May-15,0
29-May-15,
30-May-15,
31-May-15,0.368
1-Jun-15,0
2-Jun-15,
3-Jun-15,0.318
4-Jun-15,
5-Jun-15,0
6-Jun-15,
7-Jun-15,0
8-Jun-15,0
9-Jun-15,0
10-Jun-15,0
11-Jun-15,
12-Jun-15,0
13-Jun-15,0
14-Jun-15,0
15-Jun-15,
16-Jun-15,
17-Jun-15,0
18-Jun-15,0
19-Jun-15,
20-Jun-15,0
21-Jun-15,0
22-Jun-15,0
23-Jun-15,
24-Jun-15,0
25-Jun-15,0
26-Jun-15,
27-Jun-15,
28-Jun-15,
29-Jun-15,
30-Jun-15,0
1-Jul-15,0
2-Jul-15,0
3-Jul-15,0
4-Jul-15,
5-Jul-15,
6-Jul-15,0
7-Jul-15,
8-Jul-15,
9-Jul-15,
10-Jul-15,
11-Jul-15,
12-Jul-15,0
13-Jul-15,
14-Jul-15,0
15-Jul-15,0
16-Jul-15,0
17-Jul-15,0
18-Jul-15,
19-Jul-15,0
20-Jul-15,
21-Jul-15,0.008
22-Jul-15,
23-Jul-15,
24-Jul-15,
25-Jul-15,
26-Jul-15,
27-Jul-15,
28-Jul-15,
29-Jul-15,
30-Jul-15,
31-Jul-15,0
1-Aug-15,
2-Aug-15,
3-Aug-15,
4-Aug-15,
5-Aug-15,
6-Aug-15,
7-Aug-15,0
8-Aug-15,0
9-Aug-15,0
10-Aug-15,0
11-Aug-15,
12-Aug-15,
13-Aug-15,0
14-Aug-15,54.055
15-Aug-15,
16-Aug-15,
17-Aug-15,
18-Aug-15,
19-Aug-15,
20-Aug-15,
21-Aug-15,0
22-Aug-15,0
23-Aug-15,0
24-Aug-15,
25-Aug-15,0
26-Aug-15,
27-Aug-15,
28-Aug-15,0.076
29-Aug-15,
30-Aug-15,
31-Aug-15,
1-Sep-15,
2-Sep-15,
3-Sep-15,
4-Sep-15,
5-Sep-15,0
6-Sep-15,0
7-Sep-15,
8-Sep-15,
9-Sep-15,
10-Sep-15,
11-Sep-15,
12-Sep-15,0.512
13-Sep-15,0
14-Sep-15,0
15-Sep-15,
16-Sep-15,
17-Sep-15,0.058
18-Sep-15,
19-Sep-15,0.465
20-Sep-15,
21-Sep-15,
22-Sep-15,
23-Sep-15,
24-Sep-15,
25-Sep-15,0
26-Sep-15,0
27-Sep-15,
28-Sep-15,
29-Sep-15,
30-Sep-15,
1-Oct-15,52.322
2-Oct-15,
3-Oct-15,76.958
4-Oct-15,
5-Oct-15,60.936
6-Oct-15,69.922
7-Oct-15,61.871
8-Oct-15,61.343
9-Oct-15,
10-Oct-15,
11-Oct-15,66.591
12-Oct-15,
13-Oct-15,
14-Oct-15,
15-Oct-15,59.061
16-Oct-15,
17-Oct-15,79.689
18-Oct-15,
19-Oct-15,
20-Oct-15,
21-Oct-15,
22-Oct-15,45.869
23-Oct-15,
24-Oct-15,59.303
25-Oct-15,
26-Oct-15,53.252
27-Oct-15,60.797
28-Oct-15,64.803
29-Oct-15,
30-Oct-15,53.59
31-Oct-15,55.081
1-Nov-15,63.772
2-Nov-15,56.49
3-Nov-15,
4-Nov-15,71.513
5-Nov-15,
6-Nov-15,
7-Nov-15,
8-Nov-15,
9-Nov-15,
10-Nov-15,
11-Nov-15,
12-Nov-15,
13-Nov-15,
14-Nov-15,
15-Nov-15,
16-Nov-15,
17-Nov-15,
18-Nov-15,
19-Nov-15,
20-Nov-15,
21-Nov-15,
22-Nov-15,
23-Nov-15,
24-Nov-15,
25-Nov-15,
26-Nov-15,
27-Nov-15,
28-Nov-15,
29-Nov-15,
30-Nov-15,
1-Dec-15,
2-Dec-15,
3-Dec-15,
4-Dec-15,
5-Dec-15,
6-Dec-15,
7-Dec-15,
8-Dec-15,
9-Dec-15,
10-Dec-15,
11-Dec-15,
12-Dec-15,
13-Dec-15,
14-Dec-15,
15-Dec-15,
16-Dec-15,
17-Dec-15,
18-Dec-15,
19-Dec-15,
20-Dec-15,
21-Dec-15,
22-Dec-15,
23-Dec-15,
24-Dec-15,
25-Dec-15,
26-Dec-15,
27-Dec-15,
28-Dec-15,
29-Dec-15,
30-Dec-15,
31-Dec-15,
1-Jan-16,
2-Jan-16,
3-Jan-16,
4-Jan-16,
5-Jan-16,
6-Jan-16,
7-Jan-16,
8-Jan-16,
9-Jan-16,
10-Jan-16,
11-Jan-16,
12-Jan-16,
13-Jan-16,
14-Jan-16,
15-Jan-16,
16-Jan-16,
17-Jan-16,
18-Jan-16,
19-Jan-16,
20-Jan-16,
21-Jan-16,
22-Jan-16,
23-Jan-16,
24-Jan-16,
25-Jan-16,
26-Jan-16,
27-Jan-16,
28-Jan-16,
29-Jan-16,
30-Jan-16,
31-Jan-16,
1-Feb-16,
2-Feb-16,
3-Feb-16,
4-Feb-16,
5-Feb-16,
6-Feb-16,81.705
7-Feb-16,
8-Feb-16,70.017
9-Feb-16,23.561
10-Feb-16,
11-Feb-16,
12-Feb-16,61.316
13-Feb-16,68.485
14-Feb-16,69.537
15-Feb-16,70.188
16-Feb-16,25.736
17-Feb-16,
18-Feb-16,
28-Feb-16,
29-Feb-16,78.187
1-Mar-16,
2-Mar-16,
3-Mar-16,66.383
4-Mar-16,74.909
5-Mar-16,
6-Mar-16,
7-Mar-16,63.134
8-Mar-16,
9-Mar-16,
10-Mar-16,56.664
11-Mar-16,
12-Mar-16,
13-Mar-16,63.228
14-Mar-16,
15-Mar-16,
16-Mar-16,59.446
17-Mar-16,
18-Mar-16,65.215
19-Mar-16,62.358
20-Mar-16,70.964
21-Mar-16,68.181
22-Mar-16,73.878
23-Mar-16,
24-Mar-16,
25-Mar-16,66.768
26-Mar-16,
27-Mar-16,
28-Mar-16,
29-Mar-16,65.379
30-Mar-16,
31-Mar-16,77.679
1-Apr-16,77.311
2-Apr-16,
3-Apr-16,72.639
4-Apr-16,72.55
5-Apr-16,76.149
6-Apr-16,74.153
7-Apr-16,78.761
8-Apr-16,78.197
9-Apr-16,78.476
10-Apr-16,80.075
11-Apr-16,79.306
12-Apr-16,72.403
13-Apr-16,
14-Apr-16,
15-Apr-16,68.66
16-Apr-16,
17-Apr-16,
18-Apr-16,
19-Apr-16,81.751
20-Apr-16,78.309
21-Apr-16,82.831
22-Apr-16,81.272
23-Apr-16,77.655
24-Apr-16,
25-Apr-16,
26-Apr-16,79.928
27-Apr-16,79.515
28-Apr-16,80.728
29-Apr-16,
30-Apr-16,
1-May-16,
2-May-16,
3-May-16,
4-May-16,
5-May-16,
6-May-16,84.9
7-May-16,87.479
8-May-16,
9-May-16,92.152
10-May-16,90.993
11-May-16,89.417
12-May-16,83.624
13-May-16,69.979
14-May-16,
15-May-16,
16-May-16,
17-May-16,39.886
18-May-16,
19-May-16,45.124
20-May-16,1.967
21-May-16,0
22-May-16,
23-May-16,
24-May-16,
25-May-16,0
26-May-16,
27-May-16,
28-May-16,
29-May-16,5.457
30-May-16,0.109
31-May-16,0
1-Jun-16,
2-Jun-16,
3-Jun-16,
4-Jun-16,0.373
5-Jun-16,
6-Jun-16,
7-Jun-16,0
8-Jun-16,
9-Jun-16,
10-Jun-16,
11-Jun-16,0
12-Jun-16,0
13-Jun-16,0
14-Jun-16,
15-Jun-16,
16-Jun-16,0
17-Jun-16,
18-Jun-16,0
19-Jun-16,0.219
20-Jun-16,0
21-Jun-16,
22-Jun-16,
23-Jun-16,0
24-Jun-16,0
25-Jun-16,0
26-Jun-16,0
27-Jun-16,
28-Jun-16,0
29-Jun-16,0
30-Jun-16,0
1-Jul-16,0
2-Jul-16,0
3-Jul-16,
4-Jul-16,0
5-Jul-16,0
6-Jul-16,0
7-Jul-16,0
8-Jul-16,
9-Jul-16,
10-Jul-16,0
11-Jul-16,
12-Jul-16,0
13-Jul-16,0
14-Jul-16,0
15-Jul-16,0.671
16-Jul-16,
17-Jul-16,
18-Jul-16,
19-Jul-16,
20-Jul-16,19.607
21-Jul-16,
22-Jul-16,
23-Jul-16,0.06
24-Jul-16,0
25-Jul-16,0
26-Jul-16,0
27-Jul-16,0
28-Jul-16,0
29-Jul-16,0
30-Jul-16,
31-Jul-16,
1-Aug-16,0
2-Aug-16,
3-Aug-16,
4-Aug-16,
5-Aug-16,0
6-Aug-16,0
7-Aug-16,0
8-Aug-16,0
9-Aug-16,
10-Aug-16,
11-Aug-16,
12-Aug-16,
13-Aug-16,
14-Aug-16,
15-Aug-16,
16-Aug-16,
17-Aug-16,0
18-Aug-16,0
19-Aug-16,
20-Aug-16,
21-Aug-16,0
22-Aug-16,
23-Aug-16,
24-Aug-16,0
25-Aug-16,0
26-Aug-16,
27-Aug-16,0
28-Aug-16,0
29-Aug-16,
30-Aug-16,
31-Aug-16,0
1-Sep-16,0
2-Sep-16,
3-Sep-16,
4-Sep-16,
5-Sep-16,
6-Sep-16,0
7-Sep-16,
8-Sep-16,2.453
9-Sep-16,
10-Sep-16,
11-Sep-16,28.714
12-Sep-16,
13-Sep-16,
14-Sep-16,
15-Sep-16,
16-Sep-16,0
17-Sep-16,
18-Sep-16,
19-Sep-16,0
20-Sep-16,
21-Sep-16,
22-Sep-16,
23-Sep-16,0
24-Sep-16,0
25-Sep-16,0.093
26-Sep-16,0.601
27-Sep-16,
28-Sep-16,
29-Sep-16,
30-Sep-16,
1-Oct-16,
2-Oct-16,0
3-Oct-16,0.091
4-Oct-16,2.005
5-Oct-16,
6-Oct-16,
7-Oct-16,
8-Oct-16,0.175
9-Oct-16,0.921
10-Oct-16,0.147
11-Oct-16,0.408
12-Oct-16,0.026
13-Oct-16,
14-Oct-16,7.289
15-Oct-16,43.741
16-Oct-16,45.202
17-Oct-16,41.79
18-Oct-16,51.27
19-Oct-16,68.969
20-Oct-16,56.178
21-Oct-16,45.69
22-Oct-16,65.866
23-Oct-16,76.365
24-Oct-16,64.654
25-Oct-16,
26-Oct-16,76.561
27-Oct-16,76.502
28-Oct-16,79.551
29-Oct-16,48.988
30-Oct-16,79.847
31-Oct-16,76.358
1-Nov-16,
2-Nov-16,
3-Nov-16,
4-Nov-16,
5-Nov-16,
6-Nov-16,
7-Nov-16,
8-Nov-16,
9-Nov-16,
10-Nov-16,
11-Nov-16,
12-Nov-16,
13-Nov-16,
14-Nov-16,
15-Nov-16,
16-Nov-16,
17-Nov-16,
18-Nov-16,
19-Nov-16,
20-Nov-16,
21-Nov-16,
22-Nov-16,
23-Nov-16,
24-Nov-16,
25-Nov-16,
26-Nov-16,
27-Nov-16,
28-Nov-16,
29-Nov-16,
30-Nov-16,
1-Dec-16,
2-Dec-16,
3-Dec-16,
4-Dec-16,
5-Dec-16,
6-Dec-16,
7-Dec-16,
8-Dec-16,
9-Dec-16,
10-Dec-16,
11-Dec-16,
12-Dec-16,
13-Dec-16,
14-Dec-16,
15-Dec-16,
16-Dec-16,
17-Dec-16,
18-Dec-16,
19-Dec-16,
20-Dec-16,
21-Dec-16,
22-Dec-16,
23-Dec-16,
24-Dec-16,
25-Dec-16,
26-Dec-16,
27-Dec-16,
28-Dec-16,
29-Dec-16,
30-Dec-16,
31-Dec-16,
1-Jan-17,
2-Jan-17,
3-Jan-17,
4-Jan-17,
5-Jan-17,
6-Jan-17,
7-Jan-17,
8-Jan-17,
9-Jan-17,
10-Jan-17,
11-Jan-17,
12-Jan-17,
13-Jan-17,
14-Jan-17,
15-Jan-17,
16-Jan-17,
17-Jan-17,
18-Jan-17,
19-Jan-17,
20-Jan-17,
21-Jan-17,
22-Jan-17,
23-Jan-17,
24-Jan-17,
25-Jan-17,
26-Jan-17,
27-Jan-17,
28-Jan-17,
29-Jan-17,
30-Jan-17,
31-Jan-17,
1-Feb-17,
2-Feb-17,
3-Feb-17,
4-Feb-17,
5-Feb-17,
6-Feb-17,73.604
7-Feb-17,53.426
8-Feb-17,61.433
9-Feb-17,
10-Feb-17,57.211
11-Feb-17,
12-Feb-17,78.739
13-Feb-17,64.433
14-Feb-17,
15-Feb-17,
16-Feb-17,
17-Feb-17,
18-Feb-17,65
19-Feb-17,
20-Feb-17,57.44
21-Feb-17,
22-Feb-17,
23-Feb-17,69.046
24-Feb-17,
25-Feb-17,
26-Feb-17,63.21
27-Feb-17,
28-Feb-17,60.059
1-Mar-17,
2-Mar-17,
3-Mar-17,
4-Mar-17,59.014
5-Mar-17,57.393
6-Mar-17,
7-Mar-17,72.224
8-Mar-17,68.276
9-Mar-17,69.866
10-Mar-17,59.76
11-Mar-17,72.48
12-Mar-17,
13-Mar-17,67.95
14-Mar-17,73.329
15-Mar-17,66.976
16-Mar-17,73.631
17-Mar-17,72.968
18-Mar-17,76.242
19-Mar-17,68.035
20-Mar-17,72.86
21-Mar-17,66.991
22-Mar-17,74.603
23-Mar-17,80.286
24-Mar-17,69.128
25-Mar-17,74.312
26-Mar-17,77.292
27-Mar-17,80.052
28-Mar-17,74.786
29-Mar-17,75.726
30-Mar-17,72.157
31-Mar-17,
1-Apr-17,
2-Apr-17,
3-Apr-17,69.65
4-Apr-17,72.878
5-Apr-17,78.398
6-Apr-17,76.861
7-Apr-17,74.243
8-Apr-17,77.376
9-Apr-17,
10-Apr-17,82.265
11-Apr-17,81.962
12-Apr-17,83.555
13-Apr-17,
14-Apr-17,75.532
15-Apr-17,72.406
16-Apr-17,69.745
17-Apr-17,
18-Apr-17,73.347
19-Apr-17,
20-Apr-17,72.033
21-Apr-17,69.937
22-Apr-17,80.733
23-Apr-17,79.738
24-Apr-17,77.125
25-Apr-17,
26-Apr-17,
27-Apr-17,
28-Apr-17,
29-Apr-17,
30-Apr-17,83.747
1-May-17,85.414
2-May-17,81.646
3-May-17,85.431
4-May-17,
5-May-17,
6-May-17,
7-May-17,89.359
8-May-17,
9-May-17,
10-May-17,
11-May-17,
12-May-17,
13-May-17,
14-May-17,
15-May-17,
16-May-17,88.773
17-May-17,81.216
18-May-17,64.144
19-May-17,
20-May-17,
21-May-17,36.325
22-May-17,
23-May-17,52.211
24-May-17,
25-May-17,
26-May-17,
27-May-17,21.052
28-May-17,10.442
29-May-17,
30-May-17,9.942
31-May-17,
1-Jun-17,22.551
2-Jun-17,8.243
3-Jun-17,0.824
4-Jun-17,0.306
5-Jun-17,1.454
6-Jun-17,
7-Jun-17,0
8-Jun-17,0
9-Jun-17,0
10-Jun-17,0.051
11-Jun-17,0
12-Jun-17,
13-Jun-17,0
14-Jun-17,0
15-Jun-17,0
16-Jun-17,0
17-Jun-17,0
18-Jun-17,6.204
19-Jun-17,0
20-Jun-17,0
21-Jun-17,0
22-Jun-17,0
23-Jun-17,0
24-Jun-17,0
25-Jun-17,0
26-Jun-17,
27-Jun-17,
28-Jun-17,0
29-Jun-17,0
30-Jun-17,0
1-Jul-17,0
2-Jul-17,0
3-Jul-17,
4-Jul-17,
5-Jul-17,2.931
6-Jul-17,2.58
7-Jul-17,0
8-Jul-17,0
9-Jul-17,
10-Jul-17,0
11-Jul-17,0
12-Jul-17,0
13-Jul-17,1.762
14-Jul-17,0
15-Jul-17,
16-Jul-17,0.055
17-Jul-17,0
18-Jul-17,0
19-Jul-17,0
20-Jul-17,0
21-Jul-17,
22-Jul-17,
23-Jul-17,
24-Jul-17,
25-Jul-17,
26-Jul-17,0
27-Jul-17,0
28-Jul-17,0
29-Jul-17,0
30-Jul-17,0
31-Jul-17,0
1-Aug-17,0
2-Aug-17,0
3-Aug-17,0
4-Aug-17,
5-Aug-17,0
6-Aug-17,0
7-Aug-17,0
8-Aug-17,0
9-Aug-17,0
10-Aug-17,
11-Aug-17,
12-Aug-17,0
13-Aug-17,
14-Aug-17,
15-Aug-17,0.399
16-Aug-17,0
17-Aug-17,
18-Aug-17,
19-Aug-17,
20-Aug-17,
21-Aug-17,0
22-Aug-17,
23-Aug-17,0
24-Aug-17,
25-Aug-17,
26-Aug-17,
27-Aug-17,
28-Aug-17,0
29-Aug-17,
30-Aug-17,
31-Aug-17,
1-Sep-17,5.868
2-Sep-17,
3-Sep-17,
4-Sep-17,
5-Sep-17,
6-Sep-17,42.423
7-Sep-17,
8-Sep-17,
9-Sep-17,
10-Sep-17,0
11-Sep-17,
12-Sep-17,
13-Sep-17,0
14-Sep-17,0
15-Sep-17,0.162
16-Sep-17,0
17-Sep-17,0
18-Sep-17,0
19-Sep-17,
20-Sep-17,
21-Sep-17,
22-Sep-17,
23-Sep-17,
24-Sep-17,18
25-Sep-17,
26-Sep-17,3.763
27-Sep-17,0
28-Sep-17,
29-Sep-17,
30-Sep-17,0.003
1-Oct-17,
2-Oct-17,
3-Oct-17,50.766
4-Oct-17,
5-Oct-17,0
6-Oct-17,
7-Oct-17,
8-Oct-17,
9-Oct-17,
10-Oct-17,
11-Oct-17,0
12-Oct-17,
13-Oct-17,
14-Oct-17,
15-Oct-17,47.85
16-Oct-17,
17-Oct-17,39.047
18-Oct-17,38.693
19-Oct-17,
20-Oct-17,
21-Oct-17,62.412
22-Oct-17,
23-Oct-17,45.765
24-Oct-17,
25-Oct-17,
26-Oct-17,
27-Oct-17,
28-Oct-17,
29-Oct-17,
30-Oct-17,57.288
31-Oct-17,53.458
1-Nov-17,
2-Nov-17,65.821
3-Nov-17,
4-Nov-17,
5-Nov-17,
6-Nov-17,
7-Nov-17,
8-Nov-17,
9-Nov-17,
10-Nov-17,
11-Nov-17,
12-Nov-17,
13-Nov-17,
14-Nov-17,
15-Nov-17,
16-Nov-17,
17-Nov-17,
18-Nov-17,
19-Nov-17,
20-Nov-17,
21-Nov-17,
22-Nov-17,
23-Nov-17,
24-Nov-17,
25-Nov-17,
26-Nov-17,
27-Nov-17,
28-Nov-17,
29-Nov-17,
30-Nov-17,
1-Dec-17,
2-Dec-17,
3-Dec-17,
4-Dec-17,
5-Dec-17,
6-Dec-17,
7-Dec-17,
8-Dec-17,
9-Dec-17,
10-Dec-17,
11-Dec-17,
12-Dec-17,
13-Dec-17,
14-Dec-17,
15-Dec-17,
16-Dec-17,
17-Dec-17,
18-Dec-17,
19-Dec-17,
20-Dec-17,
21-Dec-17,
22-Dec-17,
23-Dec-17,
24-Dec-17,
25-Dec-17,
26-Dec-17,
27-Dec-17,
28-Dec-17,
29-Dec-17,
30-Dec-17,
31-Dec-17,
1-Jan-18,
2-Jan-18,
3-Jan-18,
4-Jan-18,
5-Jan-18,
6-Jan-18,
7-Jan-18,
8-Jan-18,
9-Jan-18,
10-Jan-18,
11-Jan-18,
12-Jan-18,
13-Jan-18,
14-Jan-18,
15-Jan-18,
16-Jan-18,
17-Jan-18,
18-Jan-18,
19-Jan-18,
20-Jan-18,
21-Jan-18,
22-Jan-18,
23-Jan-18,
24-Jan-18,
25-Jan-18,
26-Jan-18,
27-Jan-18,
28-Jan-18,
29-Jan-18,
30-Jan-18,
31-Jan-18,
1-Feb-18,
2-Feb-18,
3-Feb-18,
4-Feb-18,
5-Feb-18,
6-Feb-18,
7-Feb-18,
8-Feb-18,
9-Feb-18,
10-Feb-18,59.971
11-Feb-18,
12-Feb-18,60.575
13-Feb-18,67.843
14-Feb-18,75.144
15-Feb-18,73.211
16-Feb-18,60.224
17-Feb-18,65.563
18-Feb-18,70.261
19-Feb-18,
20-Feb-18,
21-Feb-18,
22-Feb-18,57.308
23-Feb-18,
24-Feb-18,
25-Feb-18,
26-Feb-18,71.816
27-Feb-18,
28-Feb-18,63.73
1-Mar-18,72.235
2-Mar-18,67.769
3-Mar-18,45
4-Mar-18,65.096
5-Mar-18,67.078
6-Mar-18,67.342
7-Mar-18,
8-Mar-18,
9-Mar-18,71.539
10-Mar-18,
11-Mar-18,71.922
12-Mar-18,62.264
13-Mar-18,75.134
14-Mar-18,64.272
15-Mar-18,
16-Mar-18,71.713
17-Mar-18,
18-Mar-18,
19-Mar-18,72.451
20-Mar-18,68.193
21-Mar-18,72.633
22-Mar-18,72.518
23-Mar-18,
24-Mar-18,74.019
25-Mar-18,70.413
26-Mar-18,76.497
27-Mar-18,74.633
28-Mar-18,79.473
29-Mar-18,80.724
30-Mar-18,82.124
31-Mar-18,67.634
1-Apr-18,69.277
2-Apr-18,
3-Apr-18,
4-Apr-18,
5-Apr-18,72.429
6-Apr-18,80.148
7-Apr-18,80.593
8-Apr-18,80.41
9-Apr-18,82.379
10-Apr-18,78.205
11-Apr-18,81.35
12-Apr-18,
13-Apr-18,81.195
14-Apr-18,77.002
15-Apr-18,78.565
16-Apr-18,
17-Apr-18,82.154
18-Apr-18,75.468
19-Apr-18,
20-Apr-18,73.709
21-Apr-18,75.879
22-Apr-18,80.296
23-Apr-18,81.781
24-Apr-18,82.705
25-Apr-18,
26-Apr-18,69.57
27-Apr-18,72.715
28-Apr-18,
29-Apr-18,85.906
30-Apr-18,
1-May-18,
2-May-18,
3-May-18,
4-May-18,
5-May-18,
6-May-18,
7-May-18,73.706
8-May-18,80.697
9-May-18,82.696
10-May-18,
11-May-18,
12-May-18,72.379
13-May-18,95.354
14-May-18,
15-May-18,97.81
16-May-18,93.928
17-May-18,90.484
18-May-18,
19-May-18,
20-May-18,94.032
21-May-18,
22-May-18,
23-May-18,
24-May-18,
25-May-18,
26-May-18,
27-May-18,
28-May-18,
29-May-18,
30-May-18,91.325
31-May-18,92.363
1-Jun-18,90.889
2-Jun-18,
3-Jun-18,86.338
4-Jun-18,78.703
5-Jun-18,
6-Jun-18,
7-Jun-18,
8-Jun-18,
9-Jun-18,
10-Jun-18,
11-Jun-18,33.113
12-Jun-18,16.195
13-Jun-18,0
14-Jun-18,0
15-Jun-18,1.477
16-Jun-18,
17-Jun-18,0
18-Jun-18,0.749
19-Jun-18,
20-Jun-18,0
21-Jun-18,0
22-Jun-18,0
23-Jun-18,58.724
24-Jun-18,
25-Jun-18,0
26-Jun-18,0
27-Jun-18,
28-Jun-18,
29-Jun-18,0
30-Jun-18,0
1-Jul-18,0
2-Jul-18,0
3-Jul-18,
4-Jul-18,
5-Jul-18,
6-Jul-18,
7-Jul-18,
8-Jul-18,
9-Jul-18,
10-Jul-18,
11-Jul-18,
12-Jul-18,0
13-Jul-18,0
14-Jul-18,0
15-Jul-18,0
16-Jul-18,
17-Jul-18,
18-Jul-18,0
19-Jul-18,
20-Jul-18,0
21-Jul-18,
22-Jul-18,0
23-Jul-18,0
24-Jul-18,0
25-Jul-18,0
26-Jul-18,0
27-Jul-18,
28-Jul-18,
29-Jul-18,
30-Jul-18,0
31-Jul-18,0
1-Aug-18,56.853
2-Aug-18,
3-Aug-18,
4-Aug-18,
5-Aug-18,
6-Aug-18,
7-Aug-18,
8-Aug-18,3.402
9-Aug-18,
10-Aug-18,
11-Aug-18,
12-Aug-18,
13-Aug-18,0
14-Aug-18,
15-Aug-18,0
16-Aug-18,
17-Aug-18,
18-Aug-18,0.005
19-Aug-18,
20-Aug-18,
21-Aug-18,
22-Aug-18,0.036
23-Aug-18,0.077
24-Aug-18,0
25-Aug-18,0
26-Aug-18,
27-Aug-18,
28-Aug-18,
29-Aug-18,0.189
30-Aug-18,
31-Aug-18,2.228
1-Sep-18,
2-Sep-18,
3-Sep-18,
4-Sep-18,0.396
5-Sep-18,
6-Sep-18,
7-Sep-18,13.43
8-Sep-18,
9-Sep-18,
10-Sep-18,2.616
11-Sep-18,0.458
12-Sep-18,
13-Sep-18,3.05
14-Sep-18,0
15-Sep-18,0.153
16-Sep-18,0
17-Sep-18,0.012
18-Sep-18,0
19-Sep-18,0.009
20-Sep-18,0
21-Sep-18,0.094
22-Sep-18,
23-Sep-18,
24-Sep-18,
25-Sep-18,
26-Sep-18,35.652
27-Sep-18,
28-Sep-18,
29-Sep-18,36
30-Sep-18,
1-Oct-18,42.732
2-Oct-18,35.891
3-Oct-18,37.662
4-Oct-18,22.767
5-Oct-18,8.574
6-Oct-18,17.2
7-Oct-18,23.751
8-Oct-18,11.746
9-Oct-18,
10-Oct-18,64.245
11-Oct-18,58.405
12-Oct-18,
13-Oct-18,
14-Oct-18,
15-Oct-18,86.622
16-Oct-18,
17-Oct-18,
18-Oct-18,55.117
19-Oct-18,70.866
20-Oct-18,
21-Oct-18,74.15
22-Oct-18,44.907
23-Oct-18,68.626
24-Oct-18,88.218
25-Oct-18,69.304
26-Oct-18,
27-Oct-18,
28-Oct-18,
29-Oct-18,
30-Oct-18,
31-Oct-18,58.067
1-Nov-18,
2-Nov-18,
3-Nov-18,53.018
4-Nov-18,
5-Nov-18,
6-Nov-18,
7-Nov-18,
8-Nov-18,
9-Nov-18,
10-Nov-18,
11-Nov-18,
12-Nov-18,
13-Nov-18,
14-Nov-18,
15-Nov-18,
16-Nov-18,
17-Nov-18,
18-Nov-18,
19-Nov-18,
20-Nov-18,
21-Nov-18,
22-Nov-18,
23-Nov-18,
24-Nov-18,
25-Nov-18,
26-Nov-18,
27-Nov-18,
28-Nov-18,
29-Nov-18,
30-Nov-18,
1-Dec-18,
2-Dec-18,
3-Dec-18,
4-Dec-18,
5-Dec-18,
6-Dec-18,
7-Dec-18,
8-Dec-18,
9-Dec-18,
10-Dec-18,
11-Dec-18,
12-Dec-18,
13-Dec-18,
14-Dec-18,
15-Dec-18,
16-Dec-18,
17-Dec-18,
18-Dec-18,
19-Dec-18,
20-Dec-18,
21-Dec-18,
22-Dec-18,
23-Dec-18,
24-Dec-18,
25-Dec-18,
26-Dec-18,
27-Dec-18,
28-Dec-18,
29-Dec-18,
30-Dec-18,
31-Dec-18,
1-Jan-19,
2-Jan-19,
3-Jan-19,
4-Jan-19,
5-Jan-19,
6-Jan-19,
7-Jan-19,
8-Jan-19,
9-Jan-19,
10-Jan-19,
11-Jan-19,
12-Jan-19,
13-Jan-19,
14-Jan-19,
15-Jan-19,
16-Jan-19,
17-Jan-19,
18-Jan-19,
19-Jan-19,
20-Jan-19,
21-Jan-19,
22-Jan-19,
23-Jan-19,
24-Jan-19,
25-Jan-19,
26-Jan-19,
27-Jan-19,
28-Jan-19,
29-Jan-19,
30-Jan-19,
31-Jan-19,
1-Feb-19,
2-Feb-19,
3-Feb-19,
4-Feb-19,
5-Feb-19,
6-Feb-19,
7-Feb-19,62.724
8-Feb-19,
9-Feb-19,66.123
10-Feb-19,66.505
11-Feb-19,
12-Feb-19,66.576
13-Feb-19,56.989
14-Feb-19,58.454
15-Feb-19,63.633
16-Feb-19,67.999
17-Feb-19,67.154
18-Feb-19,
19-Feb-19,
20-Feb-19,
21-Feb-19,64.897
22-Feb-19,66.334
23-Feb-19,62.122
24-Feb-19,
25-Feb-19,72.243
26-Feb-19,66.892
27-Feb-19,77.873
28-Feb-19,78.067
1-Mar-19,79.931
2-Mar-19,81.747
3-Mar-19,
4-Mar-19,75.079
5-Mar-19,74.994
6-Mar-19,75.967
7-Mar-19,
8-Mar-19,68.539
9-Mar-19,
10-Mar-19,78.558
11-Mar-19,62.149
12-Mar-19,
13-Mar-19,66.226
14-Mar-19,
15-Mar-19,82.97
16-Mar-19,
17-Mar-19,83.276
18-Mar-19,
19-Mar-19,
20-Mar-19,81.266
21-Mar-19,
22-Mar-19,76.033
23-Mar-19,
24-Mar-19,84.123
25-Mar-19,
26-Mar-19,75.09
27-Mar-19,64.071
28-Mar-19,
29-Mar-19,81.1
30-Mar-19,
31-Mar-19,
1-Apr-19,76.432
2-Apr-19,74.35
3-Apr-19,73.902
4-Apr-19,65.667
5-Apr-19,74.832
6-Apr-19,77.552
7-Apr-19,
8-Apr-19,
9-Apr-19,
10-Apr-19,
11-Apr-19,
12-Apr-19,
13-Apr-19,
14-Apr-19,
15-Apr-19,82.666
16-Apr-19,85.914
17-Apr-19,84.71
18-Apr-19,83.658
19-Apr-19,
20-Apr-19,70.411
21-Apr-19,77.977
22-Apr-19,81.312
23-Apr-19,80.362
24-Apr-19,83.689
25-Apr-19,83.042
26-Apr-19,
27-Apr-19,
28-Apr-19,
29-Apr-19,77.401
30-Apr-19,
1-May-19,
2-May-19,77.855
3-May-19,78.914
4-May-19,
5-May-19,84.548
6-May-19,
7-May-19,71.249
8-May-19,
9-May-19,
10-May-19,
11-May-19,
12-May-19,
13-May-19,94.937
14-May-19,94.657
15-May-19,95.338
16-May-19,94.645
17-May-19,93.928
18-May-19,92.565
19-May-19,
20-May-19,88.335
21-May-19,77.015
22-May-19,56.539
23-May-19,37.929
24-May-19,13.913
25-May-19,
26-May-19,1.265
27-May-19,
28-May-19,
29-May-19,2.32
30-May-19,1.529
31-May-19,0.61
1-Jun-19,0.041
2-Jun-19,0.555
3-Jun-19,
4-Jun-19,0.015
5-Jun-19,0
6-Jun-19,0
7-Jun-19,0
8-Jun-19,0
9-Jun-19,
10-Jun-19,0
11-Jun-19,0
12-Jun-19,
13-Jun-19,0
14-Jun-19,0
15-Jun-19,0
16-Jun-19,0
17-Jun-19,0
18-Jun-19,0
19-Jun-19,0
20-Jun-19,0
21-Jun-19,0
22-Jun-19,0
23-Jun-19,0
24-Jun-19,
25-Jun-19,
26-Jun-19,
27-Jun-19,0
28-Jun-19,0
29-Jun-19,0
30-Jun-19,0
1-Jul-19,
2-Jul-19,0
3-Jul-19,0
4-Jul-19,59.31
5-Jul-19,
6-Jul-19,
7-Jul-19,
8-Jul-19,0
9-Jul-19,0
10-Jul-19,0
11-Jul-19,
12-Jul-19,0
13-Jul-19,0
14-Jul-19,0
15-Jul-19,0
16-Jul-19,
17-Jul-19,0
18-Jul-19,
19-Jul-19,9.733
20-Jul-19,
21-Jul-19,
22-Jul-19,0
23-Jul-19,
24-Jul-19,0
25-Jul-19,0
26-Jul-19,0
27-Jul-19,0
28-Jul-19,0
29-Jul-19,0.015
30-Jul-19,0
31-Jul-19,0
1-Aug-19,
2-Aug-19,0.775
3-Aug-19,
4-Aug-19,
5-Aug-19,
6-Aug-19,
7-Aug-19,
8-Aug-19,0
9-Aug-19,
10-Aug-19,0
11-Aug-19,
12-Aug-19,
13-Aug-19,
14-Aug-19,
15-Aug-19,
16-Aug-19,
17-Aug-19,
18-Aug-19,
19-Aug-19,
20-Aug-19,0.417
21-Aug-19,0
22-Aug-19,
23-Aug-19,
24-Aug-19,51.409
25-Aug-19,
26-Aug-19,8.92
27-Aug-19,
28-Aug-19,17.484
29-Aug-19,
30-Aug-19,
31-Aug-19,
1-Sep-19,0
2-Sep-19,0
3-Sep-19,0
4-Sep-19,0
5-Sep-19,
6-Sep-19,0
7-Sep-19,0
8-Sep-19,0
9-Sep-19,0
10-Sep-19,0.408
11-Sep-19,0.364
12-Sep-19,
13-Sep-19,
14-Sep-19,
15-Sep-19,
16-Sep-19,
17-Sep-19,
18-Sep-19,
19-Sep-19,
20-Sep-19,0
21-Sep-19,54
22-Sep-19,
23-Sep-19,
24-Sep-19,0
25-Sep-19,
26-Sep-19,
27-Sep-19,8.607
28-Sep-19,0.128
29-Sep-19,0
30-Sep-19,0
1-Oct-19,
2-Oct-19,15.856
3-Oct-19,
4-Oct-19,1.583
5-Oct-19,17.395
6-Oct-19,
7-Oct-19,
8-Oct-19,47.563
9-Oct-19,
10-Oct-19,7.397
11-Oct-19,
12-Oct-19,47.776
13-Oct-19,47.68
14-Oct-19,45.296
15-Oct-19,
16-Oct-19,49.974
17-Oct-19,
18-Oct-19,
19-Oct-19,46.485
20-Oct-19,43.844
21-Oct-19,45
22-Oct-19,42.107
23-Oct-19,57.727
24-Oct-19,
25-Oct-19,
26-Oct-19,47.286
27-Oct-19,48.972
28-Oct-19,
29-Oct-19,52.379
30-Oct-19,8.464
31-Oct-19,48.455
1-Nov-19,12.921
2-Nov-19,57.404
3-Nov-19,42.745
4-Nov-19,
5-Nov-19,
6-Nov-19,
7-Nov-19,
8-Nov-19,
9-Nov-19,
10-Nov-19,
11-Nov-19,
12-Nov-19,
13-Nov-19,
14-Nov-19,
15-Nov-19,
16-Nov-19,
17-Nov-19,
18-Nov-19,
19-Nov-19,
20-Nov-19,
21-Nov-19,
22-Nov-19,
23-Nov-19,
24-Nov-19,
25-Nov-19,
26-Nov-19,
27-Nov-19,
28-Nov-19,
29-Nov-19,
30-Nov-19,
1-Dec-19,
2-Dec-19,
3-Dec-19,
4-Dec-19,
5-Dec-19,
6-Dec-19,
7-Dec-19,
8-Dec-19,
9-Dec-19,
10-Dec-19,
11-Dec-19,
12-Dec-19,
13-Dec-19,
14-Dec-19,
15-Dec-19,
16-Dec-19,
17-Dec-19,
18-Dec-19,
19-Dec-19,
20-Dec-19,
21-Dec-19,
22-Dec-19,
23-Dec-19,
24-Dec-19,
25-Dec-19,
26-Dec-19,
27-Dec-19,
28-Dec-19,
29-Dec-19,
30-Dec-19,
31-Dec-19,
1-Jan-20,
2-Jan-20,
3-Jan-20,
4-Jan-20,
5-Jan-20,
6-Jan-20,
7-Jan-20,
8-Jan-20,
9-Jan-20,
10-Jan-20,
11-Jan-20,
12-Jan-20,
13-Jan-20,
14-Jan-20,
15-Jan-20,
16-Jan-20,
17-Jan-20,
18-Jan-20,
19-Jan-20,
20-Jan-20,
21-Jan-20,
22-Jan-20,
23-Jan-20,
24-Jan-20,
25-Jan-20,
26-Jan-20,
27-Jan-20,
28-Jan-20,
29-Jan-20,
30-Jan-20,
31-Jan-20,
1-Feb-20,
2-Feb-20,
3-Feb-20,
4-Feb-20,
5-Feb-20,
6-Feb-20,49.443
7-Feb-20,58.71
8-Feb-20,59.723
9-Feb-20,53.098
10-Feb-20,68.301
11-Feb-20,
12-Feb-20,61.945
13-Feb-20,55.065
14-Feb-20,54.83
15-Feb-20,
16-Feb-20,65.117
17-Feb-20,68.84
18-Feb-20,
19-Feb-20,
20-Feb-20,
21-Feb-20,57.755
22-Feb-20,
23-Feb-20,
24-Feb-20,53.062
25-Feb-20,61.534
26-Feb-20,57.187
27-Feb-20,
28-Feb-20,61.685
29-Feb-20,
1-Mar-20,64.064
2-Mar-20,
3-Mar-20,63.425
4-Mar-20,64.315
5-Mar-20,73.074
6-Mar-20,75.302
7-Mar-20,
8-Mar-20,77.737
9-Mar-20,
10-Mar-20,65.565
11-Mar-20,66.077
12-Mar-20,71.397
13-Mar-20,
14-Mar-20,
15-Mar-20,77.801
16-Mar-20,
17-Mar-20,70
18-Mar-20,
19-Mar-20,
20-Mar-20,
21-Mar-20,
22-Mar-20,82.945
23-Mar-20,
24-Mar-20,
25-Mar-20,
26-Mar-20,71.339
27-Mar-20,70.941
28-Mar-20,69.817
29-Mar-20,75.99
30-Mar-20,71.981
31-Mar-20,76.99
1-Apr-20,75.425
2-Apr-20,79.208
3-Apr-20,72.421
4-Apr-20,78.963
5-Apr-20,
6-Apr-20,
7-Apr-20,70.535
8-Apr-20,73.298
9-Apr-20,69.583
10-Apr-20,75.314
11-Apr-20,80.785
12-Apr-20,82.361
13-Apr-20,64.223
14-Apr-20,73.287
15-Apr-20,76.927
16-Apr-20,
17-Apr-20,
18-Apr-20,75.687
19-Apr-20,
20-Apr-20,
21-Apr-20,
22-Apr-20,
23-Apr-20,81.085
24-Apr-20,71.729
25-Apr-20,75.956
26-Apr-20,
27-Apr-20,77.204
28-Apr-20,
29-Apr-20,75.556
30-Apr-20,79.194
1-May-20,76.665
2-May-20,
3-May-20,
4-May-20,79.648
5-May-20,
6-May-20,
7-May-20,72.206
8-May-20,78.858
9-May-20,83.665
10-May-20,86.773
11-May-20,
12-May-20,80.539
13-May-20,
14-May-20,
15-May-20,
16-May-20,
17-May-20,
18-May-20,
19-May-20,76.314
20-May-20,83.511
21-May-20,90.533
22-May-20,89.487
23-May-20,86.959
24-May-20,80.797
25-May-20,71.666
26-May-20,62.711
27-May-20,57.421
28-May-20,25.096
29-May-20,20.605
30-May-20,50.813
31-May-20,47.419
1-Jun-20,0
2-Jun-20,52.087
3-Jun-20,31.394
4-Jun-20,32.681
5-Jun-20,20.849
6-Jun-20,0.284
7-Jun-20,0.342
8-Jun-20,20.378
9-Jun-20,
10-Jun-20,
11-Jun-20,0
12-Jun-20,0
13-Jun-20,0.701
14-Jun-20,0
15-Jun-20,0
16-Jun-20,
17-Jun-20,0
18-Jun-20,0
19-Jun-20,
20-Jun-20,
21-Jun-20,0
22-Jun-20,0
23-Jun-20,
24-Jun-20,
25-Jun-20,0
26-Jun-20,7.197
27-Jun-20,
28-Jun-20,0
29-Jun-20,0
30-Jun-20,0
1-Jul-20,0.324
2-Jul-20,
3-Jul-20,
4-Jul-20,
5-Jul-20,
6-Jul-20,
7-Jul-20,0.17
8-Jul-20,0
9-Jul-20,
10-Jul-20,
11-Jul-20,0
12-Jul-20,0
13-Jul-20,0
14-Jul-20,0
15-Jul-20,0
16-Jul-20,0
17-Jul-20,0
18-Jul-20,0
19-Jul-20,0
20-Jul-20,
21-Jul-20,
22-Jul-20,0.076
23-Jul-20,4.468
24-Jul-20,
25-Jul-20,
26-Jul-20,0
27-Jul-20,0
28-Jul-20,
29-Jul-20,
30-Jul-20,0
31-Jul-20,0
1-Aug-20,0
2-Aug-20,
3-Aug-20,
4-Aug-20,
5-Aug-20,
6-Aug-20,0
7-Aug-20,0.252
8-Aug-20,
9-Aug-20,
10-Aug-20,
11-Aug-20,
12-Aug-20,
13-Aug-20,0
14-Aug-20,
15-Aug-20,
16-Aug-20,
17-Aug-20,
18-Aug-20,0
19-Aug-20,
20-Aug-20,21.245
21-Aug-20,0
22-Aug-20,0
23-Aug-20,
24-Aug-20,0
25-Aug-20,
26-Aug-20,0
27-Aug-20,
28-Aug-20,0
29-Aug-20,0
30-Aug-20,
31-Aug-20,
1-Sep-20,
2-Sep-20,0
3-Sep-20,0
4-Sep-20,0.004
5-Sep-20,
6-Sep-20,0
7-Sep-20,
8-Sep-20,
9-Sep-20,
10-Sep-20,
11-Sep-20,
12-Sep-20,13.665
13-Sep-20,
14-Sep-20,
15-Sep-20,0
16-Sep-20,0
17-Sep-20,0
18-Sep-20,0
19-Sep-20,0
20-Sep-20,
21-Sep-20,
22-Sep-20,0
23-Sep-20,
24-Sep-20,
25-Sep-20,
26-Sep-20,
27-Sep-20,
28-Sep-20,
29-Sep-20,
30-Sep-20,
1-Oct-20,
2-Oct-20,
3-Oct-20,
4-Oct-20,
5-Oct-20,
6-Oct-20,
7-Oct-20,
8-Oct-20,
9-Oct-20,
10-Oct-20,7.388
11-Oct-20,52.819
12-Oct-20,
13-Oct-20,
14-Oct-20,
15-Oct-20,
16-Oct-20,
17-Oct-20,64.486
18-Oct-20,72.919
19-Oct-20,
20-Oct-20,
21-Oct-20,
22-Oct-20,
23-Oct-20,
24-Oct-20,
25-Oct-20,
26-Oct-20,
27-Oct-20,
28-Oct-20,
29-Oct-20,
30-Oct-20,
31-Oct-20,
1-Nov-20,
2-Nov-20,
3-Nov-20,
4-Nov-20,
5-Nov-20,
6-Nov-20,
7-Nov-20,
8-Nov-20,
9-Nov-20,
10-Nov-20,
11-Nov-20,
12-Nov-20,
13-Nov-20,
14-Nov-20,
15-Nov-20,
16-Nov-20,
17-Nov-20,
18-Nov-20,
19-Nov-20,
20-Nov-20,
21-Nov-20,
22-Nov-20,
23-Nov-20,
24-Nov-20,
25-Nov-20,
26-Nov-20,
27-Nov-20,
28-Nov-20,
29-Nov-20,
30-Nov-20,
1-Dec-20,
2-Dec-20,
3-Dec-20,
4-Dec-20,
5-Dec-20,
6-Dec-20,
7-Dec-20,
8-Dec-20,
9-Dec-20,
10-Dec-20,
11-Dec-20,
12-Dec-20,
13-Dec-20,
14-Dec-20,
15-Dec-20,
16-Dec-20,
17-Dec-20,
18-Dec-20,
19-Dec-20,
20-Dec-20,
21-Dec-20,
22-Dec-20,
23-Dec-20,
24-Dec-20,
25-Dec-20,
26-Dec-20,
27-Dec-20,
28-Dec-20,
29-Dec-20,
30-Dec-20,
31-Dec-20,
1-Jan-21,
2-Jan-21,
3-Jan-21,
4-Jan-21,
5-Jan-21,
6-Jan-21,
7-Jan-21,
8-Jan-21,
9-Jan-21,
10-Jan-21,
11-Jan-21,
12-Jan-21,
13-Jan-21,
14-Jan-21,
15-Jan-21,
16-Jan-21,
17-Jan-21,
18-Jan-21,
19-Jan-21,
20-Jan-21,
21-Jan-21,
22-Jan-21,
23-Jan-21,
24-Jan-21,
25-Jan-21,
26-Jan-21,
27-Jan-21,
28-Jan-21,
29-Jan-21,
30-Jan-21,
31-Jan-21,
1-Feb-21,
2-Feb-21,
3-Feb-21,
4-Feb-21,
5-Feb-21,
6-Feb-21,72.64
7-Feb-21,
8-Feb-21,
9-Feb-21,46.081
10-Feb-21,
11-Feb-21,61.961
12-Feb-21,
13-Feb-21,
14-Feb-21,
15-Feb-21,
16-Feb-21,
17-Feb-21,
18-Feb-21,
19-Feb-21,
20-Feb-21,63.558
21-Feb-21,59.328
22-Feb-21,55.958
23-Feb-21,68.594
24-Feb-21,
25-Feb-21,62.291
26-Feb-21,
27-Feb-21,62.141
28-Feb-21,64.494
1-Mar-21,
2-Mar-21,
3-Mar-21,60.499
4-Mar-21,
5-Mar-21,66.932
6-Mar-21,
7-Mar-21,
8-Mar-21,62
9-Mar-21,66.957
10-Mar-21,
11-Mar-21,
12-Mar-21,
13-Mar-21,72.543
14-Mar-21,71.159
15-Mar-21,65.997
16-Mar-21,72.565
17-Mar-21,69.088
18-Mar-21,76.558
19-Mar-21,65.535
20-Mar-21,
21-Mar-21,71.94
22-Mar-21,75.837
23-Mar-21,
24-Mar-21,
25-Mar-21,74.57
26-Mar-21,69.906
27-Mar-21,74.365
28-Mar-21,69.994
29-Mar-21,79.85
30-Mar-21,75.626
31-Mar-21,72.491
1-Apr-21,
2-Apr-21,74.389
3-Apr-21,
4-Apr-21,
5-Apr-21,69.4
6-Apr-21,
7-Apr-21,68.438
8-Apr-21,71.973
9-Apr-21,
10-Apr-21,77.078
11-Apr-21,75.772
12-Apr-21,69.634
13-Apr-21,81.488
14-Apr-21,84.484
15-Apr-21,72.441
16-Apr-21,
17-Apr-21,80.722
18-Apr-21,84.068
19-Apr-21,88.731
20-Apr-21,
21-Apr-21,80.435
22-Apr-21,83.083
23-Apr-21,
24-Apr-21,85.649
25-Apr-21,
26-Apr-21,72.341
27-Apr-21,81.53
28-Apr-21,86.616
29-Apr-21,84.924
30-Apr-21,87.073
1-May-21,
2-May-21,79.874
3-May-21,82.885
4-May-21,
5-May-21,
6-May-21,
7-May-21,
8-May-21,72
9-May-21,
10-May-21,
11-May-21,77.274
12-May-21,
13-May-21,70.237
14-May-21,
15-May-21,
16-May-21,90.112
17-May-21,83.517
18-May-21,
19-May-21,69.56
20-May-21,62.817
21-May-21,47.232
22-May-21,34.945
23-May-21,
24-May-21,
25-May-21,
26-May-21,
27-May-21,
28-May-21,13.999
29-May-21,
30-May-21,33.651
31-May-21,20.416
1-Jun-21,
2-Jun-21,21.836
3-Jun-21,
4-Jun-21,
5-Jun-21,30.324
6-Jun-21,
7-Jun-21,41.4
8-Jun-21,16.915
9-Jun-21,0
10-Jun-21,0.068
11-Jun-21,0
12-Jun-21,10.619
13-Jun-21,
14-Jun-21,0
15-Jun-21,0
16-Jun-21,
17-Jun-21,0
18-Jun-21,0
19-Jun-21,0
20-Jun-21,0
21-Jun-21,
22-Jun-21,
23-Jun-21,0
24-Jun-21,0
25-Jun-21,
26-Jun-21,0
27-Jun-21,0
28-Jun-21,0
29-Jun-21,
30-Jun-21,
1-Jul-21,
2-Jul-21,
3-Jul-21,46.888
4-Jul-21,0
5-Jul-21,0
6-Jul-21,
7-Jul-21,
8-Jul-21,0
9-Jul-21,0
10-Jul-21,0
11-Jul-21,
