Date,NDSI_Snow_Cover
1-Jan-08,
2-Jan-08,
3-Jan-08,
4-Jan-08,
5-Jan-08,
6-Jan-08,
7-Jan-08,
8-Jan-08,
9-Jan-08,
10-Jan-08,
11-Jan-08,
12-Jan-08,
13-Jan-08,
14-Jan-08,
15-Jan-08,
16-Jan-08,
17-Jan-08,
18-Jan-08,
19-Jan-08,
20-Jan-08,
21-Jan-08,
22-Jan-08,
23-Jan-08,
24-Jan-08,
25-Jan-08,
26-Jan-08,
27-Jan-08,
28-Jan-08,
29-Jan-08,
30-Jan-08,
31-Jan-08,
1-Feb-08,
2-Feb-08,
3-Feb-08,
4-Feb-08,
5-Feb-08,
6-Feb-08,
7-Feb-08,54.26
8-Feb-08,54
9-Feb-08,58.665
10-Feb-08,58.302
11-Feb-08,
12-Feb-08,60
13-Feb-08,67.512
14-Feb-08,58.219
15-Feb-08,69.67
16-Feb-08,
17-Feb-08,65
18-Feb-08,73.056
19-Feb-08,71.781
20-Feb-08,
21-Feb-08,
22-Feb-08,56
23-Feb-08,
24-Feb-08,
25-Feb-08,
26-Feb-08,
27-Feb-08,
28-Feb-08,
29-Feb-08,
1-Mar-08,
2-Mar-08,70.814
3-Mar-08,74.493
4-Mar-08,81.219
5-Mar-08,81.86
6-Mar-08,
7-Mar-08,
8-Mar-08,
9-Mar-08,
10-Mar-08,
11-Mar-08,
12-Mar-08,70.637
13-Mar-08,
14-Mar-08,
15-Mar-08,
16-Mar-08,
17-Mar-08,
18-Mar-08,
19-Mar-08,64.422
20-Mar-08,
21-Mar-08,
22-Mar-08,
23-Mar-08,
24-Mar-08,69.149
25-Mar-08,
26-Mar-08,
27-Mar-08,75.144
28-Mar-08,
29-Mar-08,
30-Mar-08,76.14
31-Mar-08,77.14
1-Apr-08,
2-Apr-08,
3-Apr-08,
4-Apr-08,
5-Apr-08,82.14
6-Apr-08,
7-Apr-08,80.367
8-Apr-08,73.553
9-Apr-08,
10-Apr-08,
11-Apr-08,
12-Apr-08,
13-Apr-08,
14-Apr-08,67.843
15-Apr-08,73.502
16-Apr-08,
17-Apr-08,
18-Apr-08,77.005
19-Apr-08,78.367
20-Apr-08,
21-Apr-08,
22-Apr-08,80
23-Apr-08,74.642
24-Apr-08,77.005
25-Apr-08,79.14
26-Apr-08,
27-Apr-08,
28-Apr-08,
29-Apr-08,
30-Apr-08,
1-May-08,
2-May-08,
3-May-08,
4-May-08,
5-May-08,
6-May-08,
7-May-08,79.502
8-May-08,
9-May-08,
10-May-08,
11-May-08,
12-May-08,
13-May-08,
14-May-08,
15-May-08,
16-May-08,84.86
17-May-08,
18-May-08,75.586
19-May-08,
20-May-08,
21-May-08,
22-May-08,83.191
23-May-08,68.535
24-May-08,43.647
25-May-08,0
26-May-08,0
27-May-08,
28-May-08,
29-May-08,
30-May-08,
31-May-08,0
1-Jun-08,
2-Jun-08,66
3-Jun-08,0
4-Jun-08,0
5-Jun-08,
6-Jun-08,
7-Jun-08,0
8-Jun-08,0
9-Jun-08,
10-Jun-08,0
11-Jun-08,0
12-Jun-08,0
13-Jun-08,
14-Jun-08,0
15-Jun-08,0
16-Jun-08,0
17-Jun-08,0
18-Jun-08,
19-Jun-08,0
20-Jun-08,0
21-Jun-08,0
22-Jun-08,0
23-Jun-08,0
24-Jun-08,0
25-Jun-08,0
26-Jun-08,0
27-Jun-08,0
28-Jun-08,0
29-Jun-08,0
30-Jun-08,0
1-Jul-08,
2-Jul-08,
3-Jul-08,0
4-Jul-08,0
5-Jul-08,0
6-Jul-08,0
7-Jul-08,0
8-Jul-08,0
9-Jul-08,
10-Jul-08,0
11-Jul-08,
12-Jul-08,0
13-Jul-08,0
14-Jul-08,0
15-Jul-08,
16-Jul-08,
17-Jul-08,
18-Jul-08,0
19-Jul-08,
20-Jul-08,
21-Jul-08,
22-Jul-08,
23-Jul-08,0
24-Jul-08,
25-Jul-08,0
26-Jul-08,0
27-Jul-08,0
28-Jul-08,0
29-Jul-08,0
30-Jul-08,
31-Jul-08,
1-Aug-08,
2-Aug-08,
3-Aug-08,
4-Aug-08,0
5-Aug-08,
6-Aug-08,
7-Aug-08,
8-Aug-08,
9-Aug-08,
10-Aug-08,
11-Aug-08,
12-Aug-08,0
13-Aug-08,
14-Aug-08,
15-Aug-08,
16-Aug-08,0
17-Aug-08,
18-Aug-08,
19-Aug-08,
20-Aug-08,
21-Aug-08,
22-Aug-08,
23-Aug-08,
24-Aug-08,
25-Aug-08,0
26-Aug-08,
27-Aug-08,
28-Aug-08,
29-Aug-08,
30-Aug-08,
31-Aug-08,
1-Sep-08,
2-Sep-08,
3-Sep-08,0
4-Sep-08,0
5-Sep-08,
6-Sep-08,
7-Sep-08,
8-Sep-08,
9-Sep-08,
10-Sep-08,
11-Sep-08,
12-Sep-08,
13-Sep-08,
14-Sep-08,
15-Sep-08,0
16-Sep-08,
17-Sep-08,0
18-Sep-08,0
19-Sep-08,0
20-Sep-08,
21-Sep-08,
22-Sep-08,
23-Sep-08,
24-Sep-08,
25-Sep-08,
26-Sep-08,
27-Sep-08,
28-Sep-08,
29-Sep-08,
30-Sep-08,48
1-Oct-08,
2-Oct-08,74
3-Oct-08,
4-Oct-08,75.084
5-Oct-08,
6-Oct-08,
7-Oct-08,68.805
8-Oct-08,67.205
9-Oct-08,
10-Oct-08,
11-Oct-08,77.223
12-Oct-08,
13-Oct-08,
14-Oct-08,
15-Oct-08,69.447
16-Oct-08,
17-Oct-08,79.219
18-Oct-08,73.781
19-Oct-08,
20-Oct-08,
21-Oct-08,59.721
22-Oct-08,
23-Oct-08,47
24-Oct-08,
25-Oct-08,
26-Oct-08,66.805
27-Oct-08,71.358
28-Oct-08,74.419
29-Oct-08,75.14
30-Oct-08,
31-Oct-08,
1-Nov-08,
2-Nov-08,
3-Nov-08,
4-Nov-08,
5-Nov-08,
6-Nov-08,
7-Nov-08,
8-Nov-08,
9-Nov-08,
10-Nov-08,
11-Nov-08,
12-Nov-08,
13-Nov-08,
14-Nov-08,
15-Nov-08,
16-Nov-08,
17-Nov-08,
18-Nov-08,
19-Nov-08,
20-Nov-08,
21-Nov-08,
22-Nov-08,
23-Nov-08,
24-Nov-08,
25-Nov-08,
26-Nov-08,
27-Nov-08,
28-Nov-08,
29-Nov-08,
30-Nov-08,
1-Dec-08,
2-Dec-08,
3-Dec-08,
4-Dec-08,
5-Dec-08,
6-Dec-08,
7-Dec-08,
8-Dec-08,
9-Dec-08,
10-Dec-08,
11-Dec-08,
12-Dec-08,
13-Dec-08,
14-Dec-08,
15-Dec-08,
16-Dec-08,
17-Dec-08,
18-Dec-08,
19-Dec-08,
20-Dec-08,
23-Dec-08,
24-Dec-08,
25-Dec-08,
26-Dec-08,
27-Dec-08,
28-Dec-08,
29-Dec-08,
30-Dec-08,
31-Dec-08,
1-Jan-09,
2-Jan-09,
3-Jan-09,
4-Jan-09,
5-Jan-09,
6-Jan-09,
7-Jan-09,
8-Jan-09,
9-Jan-09,
10-Jan-09,
11-Jan-09,
12-Jan-09,
13-Jan-09,
14-Jan-09,
15-Jan-09,
16-Jan-09,
17-Jan-09,
18-Jan-09,
19-Jan-09,
20-Jan-09,
21-Jan-09,
22-Jan-09,
23-Jan-09,
24-Jan-09,
25-Jan-09,
26-Jan-09,
27-Jan-09,
28-Jan-09,
29-Jan-09,
30-Jan-09,
31-Jan-09,
1-Feb-09,
2-Feb-09,
3-Feb-09,
4-Feb-09,
5-Feb-09,
6-Feb-09,77.735
7-Feb-09,51.098
8-Feb-09,86.181
9-Feb-09,
10-Feb-09,64.237
11-Feb-09,
12-Feb-09,81.884
13-Feb-09,73.963
14-Feb-09,
15-Feb-09,67.312
16-Feb-09,63.279
17-Feb-09,
18-Feb-09,69
19-Feb-09,
20-Feb-09,
21-Feb-09,62.093
22-Feb-09,68.014
23-Feb-09,64.73
24-Feb-09,70.056
25-Feb-09,
26-Feb-09,70.228
27-Feb-09,
28-Feb-09,
1-Mar-09,
2-Mar-09,67.507
3-Mar-09,74.637
4-Mar-09,
5-Mar-09,
6-Mar-09,64.498
7-Mar-09,67.843
8-Mar-09,70.865
9-Mar-09,66.721
10-Mar-09,76.363
11-Mar-09,74.279
12-Mar-09,76
13-Mar-09,
14-Mar-09,
15-Mar-09,62.777
16-Mar-09,
17-Mar-09,64.876
18-Mar-09,
19-Mar-09,69.498
20-Mar-09,
21-Mar-09,66.279
22-Mar-09,67.14
23-Mar-09,
24-Mar-09,68
25-Mar-09,69.865
26-Mar-09,72
27-Mar-09,
28-Mar-09,
29-Mar-09,
30-Mar-09,
31-Mar-09,
1-Apr-09,
2-Apr-09,74.777
3-Apr-09,
4-Apr-09,
5-Apr-09,
6-Apr-09,
7-Apr-09,
8-Apr-09,75.498
9-Apr-09,78.502
10-Apr-09,
11-Apr-09,
12-Apr-09,
13-Apr-09,
14-Apr-09,
15-Apr-09,78
16-Apr-09,78
17-Apr-09,74.14
18-Apr-09,75.363
19-Apr-09,77.86
20-Apr-09,81.363
21-Apr-09,73
22-Apr-09,71.498
23-Apr-09,77.637
24-Apr-09,
25-Apr-09,70.637
26-Apr-09,79.498
27-Apr-09,93
28-Apr-09,
29-Apr-09,93
30-Apr-09,94.363
1-May-09,94.14
2-May-09,
3-May-09,
4-May-09,
5-May-09,80
6-May-09,
7-May-09,71.642
8-May-09,
9-May-09,
10-May-09,
11-May-09,75.005
12-May-09,
13-May-09,
14-May-09,
15-May-09,
16-May-09,
17-May-09,80.498
18-May-09,83.438
19-May-09,86.502
20-May-09,89.502
21-May-09,93.502
22-May-09,
23-May-09,
24-May-09,92.642
25-May-09,91.502
26-May-09,
27-May-09,79.591
28-May-09,
29-May-09,
30-May-09,
31-May-09,86.656
1-Jun-09,83.581
2-Jun-09,
3-Jun-09,69.186
4-Jun-09,
5-Jun-09,
6-Jun-09,0
7-Jun-09,
8-Jun-09,5.481
9-Jun-09,0
10-Jun-09,
11-Jun-09,
12-Jun-09,
13-Jun-09,
14-Jun-09,0
15-Jun-09,0
16-Jun-09,0
17-Jun-09,0
18-Jun-09,0
19-Jun-09,0
20-Jun-09,0
21-Jun-09,0
22-Jun-09,0
23-Jun-09,0
24-Jun-09,0
25-Jun-09,
26-Jun-09,0
27-Jun-09,
28-Jun-09,
29-Jun-09,0
30-Jun-09,0
1-Jul-09,0
2-Jul-09,
3-Jul-09,
4-Jul-09,0
5-Jul-09,0
6-Jul-09,0
7-Jul-09,
8-Jul-09,0
9-Jul-09,0
10-Jul-09,0
11-Jul-09,0
12-Jul-09,
13-Jul-09,
14-Jul-09,
15-Jul-09,0
16-Jul-09,11
17-Jul-09,0
18-Jul-09,0
19-Jul-09,0
20-Jul-09,0
21-Jul-09,0
22-Jul-09,0
23-Jul-09,
24-Jul-09,
25-Jul-09,0
26-Jul-09,0
27-Jul-09,0
28-Jul-09,
29-Jul-09,
30-Jul-09,0
31-Jul-09,0
1-Aug-09,
2-Aug-09,0
3-Aug-09,
4-Aug-09,0
5-Aug-09,0
6-Aug-09,
7-Aug-09,
8-Aug-09,
9-Aug-09,
10-Aug-09,
11-Aug-09,
12-Aug-09,0
13-Aug-09,0
14-Aug-09,
15-Aug-09,
16-Aug-09,
17-Aug-09,
18-Aug-09,0
19-Aug-09,
20-Aug-09,0
21-Aug-09,0
22-Aug-09,0
23-Aug-09,0
24-Aug-09,0
25-Aug-09,
26-Aug-09,
27-Aug-09,
28-Aug-09,
29-Aug-09,
30-Aug-09,
31-Aug-09,0
1-Sep-09,0
2-Sep-09,0
3-Sep-09,0
4-Sep-09,
5-Sep-09,0
6-Sep-09,0
7-Sep-09,0
8-Sep-09,0
9-Sep-09,0
10-Sep-09,0
11-Sep-09,
12-Sep-09,0
13-Sep-09,
14-Sep-09,
15-Sep-09,0
16-Sep-09,0
17-Sep-09,
18-Sep-09,
19-Sep-09,
20-Sep-09,57.447
21-Sep-09,
22-Sep-09,
23-Sep-09,
24-Sep-09,
25-Sep-09,0
26-Sep-09,
27-Sep-09,
28-Sep-09,36.419
29-Sep-09,
30-Sep-09,63.805
1-Oct-09,
2-Oct-09,
3-Oct-09,
4-Oct-09,44
5-Oct-09,
6-Oct-09,
7-Oct-09,
8-Oct-09,
9-Oct-09,54.638
10-Oct-09,
11-Oct-09,55.578
12-Oct-09,52.735
13-Oct-09,
14-Oct-09,
15-Oct-09,
16-Oct-09,
17-Oct-09,
18-Oct-09,
19-Oct-09,
20-Oct-09,63.088
21-Oct-09,
22-Oct-09,
23-Oct-09,
24-Oct-09,41
25-Oct-09,56.716
26-Oct-09,69.907
27-Oct-09,
28-Oct-09,51.707
29-Oct-09,
30-Oct-09,
31-Oct-09,
1-Nov-09,
2-Nov-09,
3-Nov-09,
4-Nov-09,
5-Nov-09,
6-Nov-09,
7-Nov-09,
8-Nov-09,
9-Nov-09,
10-Nov-09,
11-Nov-09,
12-Nov-09,
13-Nov-09,
14-Nov-09,
15-Nov-09,
16-Nov-09,
17-Nov-09,
18-Nov-09,
19-Nov-09,
20-Nov-09,
21-Nov-09,
22-Nov-09,
23-Nov-09,
24-Nov-09,
25-Nov-09,
26-Nov-09,
27-Nov-09,
28-Nov-09,
29-Nov-09,
30-Nov-09,
1-Dec-09,
2-Dec-09,
3-Dec-09,
4-Dec-09,
5-Dec-09,
6-Dec-09,
7-Dec-09,
8-Dec-09,
9-Dec-09,
10-Dec-09,
11-Dec-09,
12-Dec-09,
13-Dec-09,
14-Dec-09,
15-Dec-09,
16-Dec-09,
17-Dec-09,
18-Dec-09,
19-Dec-09,
20-Dec-09,
21-Dec-09,
22-Dec-09,
23-Dec-09,
24-Dec-09,
25-Dec-09,
26-Dec-09,
27-Dec-09,
28-Dec-09,
29-Dec-09,
30-Dec-09,
31-Dec-09,
1-Jan-10,
2-Jan-10,
3-Jan-10,
4-Jan-10,
5-Jan-10,
6-Jan-10,
7-Jan-10,
8-Jan-10,
9-Jan-10,
10-Jan-10,
11-Jan-10,
12-Jan-10,
13-Jan-10,
14-Jan-10,
15-Jan-10,
16-Jan-10,
17-Jan-10,
18-Jan-10,
19-Jan-10,
20-Jan-10,
21-Jan-10,
22-Jan-10,
23-Jan-10,
24-Jan-10,
25-Jan-10,
26-Jan-10,
27-Jan-10,
28-Jan-10,
29-Jan-10,
30-Jan-10,
31-Jan-10,
1-Feb-10,
2-Feb-10,
3-Feb-10,
4-Feb-10,
5-Feb-10,
6-Feb-10,
7-Feb-10,
8-Feb-10,
9-Feb-10,
10-Feb-10,
11-Feb-10,
12-Feb-10,52.972
13-Feb-10,
14-Feb-10,
15-Feb-10,
16-Feb-10,
17-Feb-10,
18-Feb-10,
19-Feb-10,
20-Feb-10,57.405
21-Feb-10,65.553
22-Feb-10,
23-Feb-10,
24-Feb-10,
25-Feb-10,
26-Feb-10,
27-Feb-10,
28-Feb-10,
1-Mar-10,
2-Mar-10,
3-Mar-10,
4-Mar-10,
5-Mar-10,
6-Mar-10,69.777
7-Mar-10,
8-Mar-10,72.14
9-Mar-10,69.107
10-Mar-10,
11-Mar-10,67.86
12-Mar-10,
13-Mar-10,
14-Mar-10,
15-Mar-10,
16-Mar-10,72
17-Mar-10,76.498
18-Mar-10,
19-Mar-10,
20-Mar-10,71.865
21-Mar-10,69.223
22-Mar-10,67
23-Mar-10,
24-Mar-10,68
25-Mar-10,
26-Mar-10,68
27-Mar-10,
28-Mar-10,71.86
29-Mar-10,65.777
30-Mar-10,
31-Mar-10,
1-Apr-10,
2-Apr-10,
3-Apr-10,67.493
4-Apr-10,
5-Apr-10,74.637
6-Apr-10,
7-Apr-10,
8-Apr-10,68.135
9-Apr-10,71.363
10-Apr-10,72.228
11-Apr-10,
12-Apr-10,84.502
13-Apr-10,
14-Apr-10,
15-Apr-10,84
16-Apr-10,87.363
17-Apr-10,87.14
18-Apr-10,88.502
19-Apr-10,89
20-Apr-10,91
21-Apr-10,
22-Apr-10,70
23-Apr-10,
24-Apr-10,81.14
25-Apr-10,87.363
26-Apr-10,
27-Apr-10,80.14
28-Apr-10,
29-Apr-10,
30-Apr-10,
1-May-10,
2-May-10,84.363
3-May-10,
4-May-10,
5-May-10,
6-May-10,80
7-May-10,81
8-May-10,71.279
9-May-10,
10-May-10,
11-May-10,
12-May-10,84.14
13-May-10,85.144
14-May-10,
15-May-10,
16-May-10,
17-May-10,
18-May-10,
19-May-10,94.86
20-May-10,
21-May-10,91.502
22-May-10,89.363
23-May-10,90
24-May-10,88.502
25-May-10,92.916
26-May-10,84.535
27-May-10,72.512
28-May-10,
29-May-10,
30-May-10,
31-May-10,41
1-Jun-10,
2-Jun-10,
3-Jun-10,
4-Jun-10,0
5-Jun-10,0
6-Jun-10,0
7-Jun-10,0
8-Jun-10,0
9-Jun-10,0
10-Jun-10,0
11-Jun-10,0
12-Jun-10,
13-Jun-10,
14-Jun-10,
15-Jun-10,
16-Jun-10,0
17-Jun-10,17.777
18-Jun-10,0
19-Jun-10,
20-Jun-10,0
21-Jun-10,0
22-Jun-10,0
23-Jun-10,0
24-Jun-10,0
25-Jun-10,0
26-Jun-10,
27-Jun-10,
28-Jun-10,
29-Jun-10,0
30-Jun-10,0
1-Jul-10,0
2-Jul-10,0
3-Jul-10,
4-Jul-10,
5-Jul-10,0
6-Jul-10,
7-Jul-10,
8-Jul-10,
9-Jul-10,0
10-Jul-10,0
11-Jul-10,
12-Jul-10,
13-Jul-10,
14-Jul-10,
15-Jul-10,
16-Jul-10,
17-Jul-10,
18-Jul-10,0
19-Jul-10,
20-Jul-10,0
21-Jul-10,0
22-Jul-10,0
23-Jul-10,0
24-Jul-10,
25-Jul-10,
26-Jul-10,0
27-Jul-10,0
28-Jul-10,0
29-Jul-10,
30-Jul-10,
31-Jul-10,0
1-Aug-10,
2-Aug-10,
3-Aug-10,
4-Aug-10,0
5-Aug-10,
6-Aug-10,
7-Aug-10,
8-Aug-10,
9-Aug-10,0
10-Aug-10,0
11-Aug-10,
12-Aug-10,
13-Aug-10,
14-Aug-10,0
15-Aug-10,0
16-Aug-10,0
17-Aug-10,0
18-Aug-10,0
19-Aug-10,0
20-Aug-10,
21-Aug-10,
22-Aug-10,
23-Aug-10,
24-Aug-10,
25-Aug-10,
26-Aug-10,
27-Aug-10,
28-Aug-10,0
29-Aug-10,
30-Aug-10,0
31-Aug-10,
1-Sep-10,
2-Sep-10,0
3-Sep-10,
4-Sep-10,
5-Sep-10,0
6-Sep-10,
7-Sep-10,0
8-Sep-10,
9-Sep-10,
10-Sep-10,
11-Sep-10,0
12-Sep-10,0
13-Sep-10,
14-Sep-10,0
15-Sep-10,
16-Sep-10,
17-Sep-10,
18-Sep-10,10
19-Sep-10,0
20-Sep-10,
21-Sep-10,
22-Sep-10,
23-Sep-10,0
24-Sep-10,0
25-Sep-10,0
26-Sep-10,
27-Sep-10,
28-Sep-10,61.219
29-Sep-10,64.498
30-Sep-10,
1-Oct-10,48
2-Oct-10,
3-Oct-10,
4-Oct-10,
5-Oct-10,
6-Oct-10,
7-Oct-10,
8-Oct-10,55.837
9-Oct-10,
10-Oct-10,
11-Oct-10,53.726
12-Oct-10,
13-Oct-10,
14-Oct-10,60
15-Oct-10,
16-Oct-10,
17-Oct-10,
18-Oct-10,76.391
19-Oct-10,
20-Oct-10,
21-Oct-10,
22-Oct-10,
23-Oct-10,
24-Oct-10,
25-Oct-10,65.419
26-Oct-10,
27-Oct-10,
28-Oct-10,65.256
29-Oct-10,71.223
30-Oct-10,
31-Oct-10,
1-Nov-10,37
2-Nov-10,
3-Nov-10,
4-Nov-10,
5-Nov-10,
6-Nov-10,
7-Nov-10,
8-Nov-10,
9-Nov-10,
10-Nov-10,
11-Nov-10,
12-Nov-10,
13-Nov-10,
14-Nov-10,
15-Nov-10,
16-Nov-10,
17-Nov-10,
18-Nov-10,
19-Nov-10,
20-Nov-10,
21-Nov-10,
22-Nov-10,
23-Nov-10,
24-Nov-10,
25-Nov-10,
26-Nov-10,
27-Nov-10,
28-Nov-10,
29-Nov-10,
30-Nov-10,
1-Dec-10,
2-Dec-10,
3-Dec-10,
4-Dec-10,
5-Dec-10,
6-Dec-10,
7-Dec-10,
8-Dec-10,
9-Dec-10,
10-Dec-10,
11-Dec-10,
12-Dec-10,
13-Dec-10,
14-Dec-10,
15-Dec-10,
16-Dec-10,
17-Dec-10,
18-Dec-10,
19-Dec-10,
20-Dec-10,
21-Dec-10,
22-Dec-10,
23-Dec-10,
24-Dec-10,
25-Dec-10,
26-Dec-10,
27-Dec-10,
28-Dec-10,
29-Dec-10,
30-Dec-10,
31-Dec-10,
1-Jan-11,
2-Jan-11,
3-Jan-11,
4-Jan-11,
5-Jan-11,
6-Jan-11,
7-Jan-11,
8-Jan-11,
9-Jan-11,
10-Jan-11,
11-Jan-11,
12-Jan-11,
13-Jan-11,
14-Jan-11,
15-Jan-11,
16-Jan-11,
17-Jan-11,
18-Jan-11,
19-Jan-11,
20-Jan-11,
21-Jan-11,
22-Jan-11,
23-Jan-11,
24-Jan-11,
25-Jan-11,
26-Jan-11,
27-Jan-11,
28-Jan-11,
29-Jan-11,
30-Jan-11,
31-Jan-11,
1-Feb-11,
2-Feb-11,
3-Feb-11,
4-Feb-11,
5-Feb-11,
6-Feb-11,
7-Feb-11,
8-Feb-11,64.279
9-Feb-11,
10-Feb-11,
11-Feb-11,
12-Feb-11,
13-Feb-11,
14-Feb-11,
15-Feb-11,
16-Feb-11,66.586
17-Feb-11,68.14
18-Feb-11,58.279
19-Feb-11,68.233
20-Feb-11,69.279
21-Feb-11,
22-Feb-11,
23-Feb-11,69.005
24-Feb-11,
25-Feb-11,
26-Feb-11,
27-Feb-11,
28-Feb-11,69.516
1-Mar-11,67
2-Mar-11,69.005
3-Mar-11,72.14
4-Mar-11,76.279
5-Mar-11,78.14
6-Mar-11,
7-Mar-11,74.726
8-Mar-11,67.686
9-Mar-11,76.14
10-Mar-11,
11-Mar-11,
12-Mar-11,
13-Mar-11,71.14
14-Mar-11,76.14
15-Mar-11,71.781
16-Mar-11,
17-Mar-11,
18-Mar-11,
19-Mar-11,74.149
20-Mar-11,72.14
21-Mar-11,80.14
22-Mar-11,77.14
23-Mar-11,82.414
24-Mar-11,79.363
25-Mar-11,83.86
26-Mar-11,78.995
27-Mar-11,
28-Mar-11,
29-Mar-11,71.726
30-Mar-11,
31-Mar-11,71
1-Apr-11,
2-Apr-11,71
3-Apr-11,79.363
4-Apr-11,77
5-Apr-11,
6-Apr-11,76.498
7-Apr-11,70.135
8-Apr-11,
9-Apr-11,73
10-Apr-11,79.14
11-Apr-11,77.637
12-Apr-11,80.637
13-Apr-11,79.363
14-Apr-11,80.86
15-Apr-11,82
16-Apr-11,
17-Apr-11,70.274
18-Apr-11,
19-Apr-11,
20-Apr-11,72.502
21-Apr-11,70.363
22-Apr-11,75.14
23-Apr-11,73.14
24-Apr-11,81
25-Apr-11,78.363
26-Apr-11,83.363
27-Apr-11,
28-Apr-11,73.637
29-Apr-11,
30-Apr-11,80.86
1-May-11,78
2-May-11,81
3-May-11,77.637
4-May-11,80
5-May-11,
6-May-11,81.14
7-May-11,
8-May-11,
9-May-11,
10-May-11,
11-May-11,
12-May-11,
13-May-11,
14-May-11,
15-May-11,
16-May-11,
17-May-11,93.502
18-May-11,91.14
19-May-11,92.502
20-May-11,93.279
21-May-11,86.153
22-May-11,83.572
23-May-11,59.456
24-May-11,0
25-May-11,0
26-May-11,0
27-May-11,
28-May-11,25.778
29-May-11,0
30-May-11,24.47
31-May-11,
1-Jun-11,
2-Jun-11,16.578
3-Jun-11,0
4-Jun-11,0
5-Jun-11,0
6-Jun-11,0
7-Jun-11,
8-Jun-11,
9-Jun-11,
10-Jun-11,
11-Jun-11,
12-Jun-11,
13-Jun-11,55
14-Jun-11,0
15-Jun-11,0
16-Jun-11,0
17-Jun-11,0
18-Jun-11,
19-Jun-11,0
20-Jun-11,0
21-Jun-11,0
22-Jun-11,0
23-Jun-11,0
24-Jun-11,0
25-Jun-11,0
26-Jun-11,0
27-Jun-11,0
28-Jun-11,
29-Jun-11,
30-Jun-11,
1-Jul-11,0
2-Jul-11,0
3-Jul-11,
4-Jul-11,
5-Jul-11,0
6-Jul-11,
7-Jul-11,0
8-Jul-11,
9-Jul-11,
10-Jul-11,
11-Jul-11,0
12-Jul-11,
13-Jul-11,0
14-Jul-11,0
15-Jul-11,0
16-Jul-11,
17-Jul-11,
18-Jul-11,
19-Jul-11,
20-Jul-11,0
21-Jul-11,
22-Jul-11,0
23-Jul-11,0
24-Jul-11,
25-Jul-11,
26-Jul-11,0
27-Jul-11,
28-Jul-11,0
29-Jul-11,0
30-Jul-11,0
31-Jul-11,
1-Aug-11,0
2-Aug-11,0
3-Aug-11,0
4-Aug-11,
5-Aug-11,0
6-Aug-11,0
7-Aug-11,
8-Aug-11,
9-Aug-11,
10-Aug-11,
11-Aug-11,
12-Aug-11,
13-Aug-11,0
14-Aug-11,0
15-Aug-11,
16-Aug-11,
17-Aug-11,
18-Aug-11,
19-Aug-11,0
20-Aug-11,0
21-Aug-11,
22-Aug-11,
23-Aug-11,
24-Aug-11,
25-Aug-11,
26-Aug-11,0
27-Aug-11,0
28-Aug-11,
29-Aug-11,0
30-Aug-11,0
31-Aug-11,0
1-Sep-11,0
2-Sep-11,0
3-Sep-11,
4-Sep-11,
5-Sep-11,
6-Sep-11,
7-Sep-11,
8-Sep-11,
9-Sep-11,
10-Sep-11,
11-Sep-11,
12-Sep-11,0
13-Sep-11,0
14-Sep-11,
15-Sep-11,
16-Sep-11,
17-Sep-11,
18-Sep-11,
19-Sep-11,
20-Sep-11,
21-Sep-11,
22-Sep-11,
23-Sep-11,
24-Sep-11,
25-Sep-11,
26-Sep-11,
27-Sep-11,
28-Sep-11,
29-Sep-11,0
30-Sep-11,
1-Oct-11,
2-Oct-11,32
3-Oct-11,
4-Oct-11,
5-Oct-11,
6-Oct-11,40.279
7-Oct-11,
8-Oct-11,
9-Oct-11,
10-Oct-11,
11-Oct-11,
12-Oct-11,
13-Oct-11,53.577
14-Oct-11,
15-Oct-11,
16-Oct-11,
17-Oct-11,57.019
18-Oct-11,
19-Oct-11,
20-Oct-11,
21-Oct-11,
22-Oct-11,
23-Oct-11,
24-Oct-11,
25-Oct-11,
26-Oct-11,45.049
27-Oct-11,
28-Oct-11,
29-Oct-11,69.367
30-Oct-11,
31-Oct-11,
1-Nov-11,
2-Nov-11,
3-Nov-11,
4-Nov-11,
5-Nov-11,
6-Nov-11,
7-Nov-11,
8-Nov-11,
9-Nov-11,
10-Nov-11,
11-Nov-11,
12-Nov-11,
13-Nov-11,
14-Nov-11,
15-Nov-11,
16-Nov-11,
17-Nov-11,
18-Nov-11,
19-Nov-11,
20-Nov-11,
21-Nov-11,
22-Nov-11,
23-Nov-11,
24-Nov-11,
25-Nov-11,
26-Nov-11,
27-Nov-11,
28-Nov-11,
29-Nov-11,
30-Nov-11,
1-Dec-11,
2-Dec-11,
3-Dec-11,
4-Dec-11,
5-Dec-11,
6-Dec-11,
7-Dec-11,
8-Dec-11,
9-Dec-11,
10-Dec-11,
11-Dec-11,
12-Dec-11,
13-Dec-11,
14-Dec-11,
15-Dec-11,
16-Dec-11,
17-Dec-11,
18-Dec-11,
19-Dec-11,
20-Dec-11,
21-Dec-11,
22-Dec-11,
23-Dec-11,
24-Dec-11,
25-Dec-11,
26-Dec-11,
27-Dec-11,
28-Dec-11,
29-Dec-11,
30-Dec-11,
31-Dec-11,
1-Jan-12,
2-Jan-12,
3-Jan-12,
4-Jan-12,
5-Jan-12,
6-Jan-12,
7-Jan-12,
8-Jan-12,
9-Jan-12,
10-Jan-12,
11-Jan-12,
12-Jan-12,
13-Jan-12,
14-Jan-12,
15-Jan-12,
16-Jan-12,
17-Jan-12,
18-Jan-12,
19-Jan-12,
20-Jan-12,
21-Jan-12,
22-Jan-12,
23-Jan-12,
24-Jan-12,
25-Jan-12,
26-Jan-12,
27-Jan-12,
28-Jan-12,
29-Jan-12,
30-Jan-12,
31-Jan-12,
1-Feb-12,
2-Feb-12,
3-Feb-12,
4-Feb-12,
5-Feb-12,
6-Feb-12,
7-Feb-12,64.326
8-Feb-12,65.949
9-Feb-12,63.405
10-Feb-12,77.274
11-Feb-12,74.814
12-Feb-12,
13-Feb-12,53.563
14-Feb-12,
15-Feb-12,
16-Feb-12,
17-Feb-12,
18-Feb-12,
19-Feb-12,
20-Feb-12,
21-Feb-12,
22-Feb-12,64.912
23-Feb-12,62
24-Feb-12,62.223
25-Feb-12,
26-Feb-12,
27-Feb-12,59.581
28-Feb-12,
29-Feb-12,
1-Mar-12,
2-Mar-12,
3-Mar-12,64.228
4-Mar-12,
5-Mar-12,68.228
6-Mar-12,
7-Mar-12,71.084
8-Mar-12,64
9-Mar-12,
10-Mar-12,
11-Mar-12,63.502
12-Mar-12,
13-Mar-12,
14-Mar-12,
15-Mar-12,
16-Mar-12,66.637
17-Mar-12,
18-Mar-12,67
19-Mar-12,
20-Mar-12,
21-Mar-12,
22-Mar-12,66.363
23-Mar-12,
24-Mar-12,
25-Mar-12,
26-Mar-12,
27-Mar-12,
28-Mar-12,
29-Mar-12,
30-Mar-12,
31-Mar-12,
1-Apr-12,75.14
2-Apr-12,
3-Apr-12,
4-Apr-12,
5-Apr-12,
6-Apr-12,
7-Apr-12,
8-Apr-12,69.135
9-Apr-12,
10-Apr-12,
11-Apr-12,77.14
12-Apr-12,77.637
13-Apr-12,76.637
14-Apr-12,79.637
15-Apr-12,79.14
16-Apr-12,79.363
17-Apr-12,77.274
18-Apr-12,80.502
19-Apr-12,
20-Apr-12,
21-Apr-12,70.777
22-Apr-12,75.843
23-Apr-12,
24-Apr-12,81
25-Apr-12,79.278
26-Apr-12,
27-Apr-12,
28-Apr-12,
29-Apr-12,
30-Apr-12,
1-May-12,
2-May-12,
3-May-12,78
4-May-12,
5-May-12,
6-May-12,
7-May-12,
8-May-12,
9-May-12,
10-May-12,
11-May-12,66.363
12-May-12,88
13-May-12,92
14-May-12,
15-May-12,
16-May-12,
17-May-12,
18-May-12,
19-May-12,90.781
20-May-12,81.116
21-May-12,66.405
22-May-12,34.647
23-May-12,42
24-May-12,
25-May-12,
26-May-12,
27-May-12,
28-May-12,0
29-May-12,27.762
30-May-12,0
31-May-12,0
1-Jun-12,
2-Jun-12,
3-Jun-12,
4-Jun-12,0
5-Jun-12,0
6-Jun-12,14.912
7-Jun-12,
8-Jun-12,
9-Jun-12,0
10-Jun-12,0
11-Jun-12,0
12-Jun-12,
13-Jun-12,0
14-Jun-12,0
15-Jun-12,0
16-Jun-12,0
17-Jun-12,0
18-Jun-12,
19-Jun-12,0
20-Jun-12,0
21-Jun-12,0
22-Jun-12,0
23-Jun-12,0
24-Jun-12,
25-Jun-12,0
26-Jun-12,
27-Jun-12,0
28-Jun-12,0
29-Jun-12,
30-Jun-12,0
1-Jul-12,0
2-Jul-12,0
3-Jul-12,0
4-Jul-12,0
5-Jul-12,0
6-Jul-12,0
7-Jul-12,0
8-Jul-12,
9-Jul-12,
10-Jul-12,
11-Jul-12,0
12-Jul-12,0
13-Jul-12,0
14-Jul-12,
15-Jul-12,0
16-Jul-12,
17-Jul-12,
18-Jul-12,
19-Jul-12,
20-Jul-12,
21-Jul-12,
22-Jul-12,
23-Jul-12,0
24-Jul-12,0
25-Jul-12,
26-Jul-12,
27-Jul-12,0
28-Jul-12,0
29-Jul-12,0
30-Jul-12,0
31-Jul-12,0
1-Aug-12,
2-Aug-12,
3-Aug-12,
4-Aug-12,0
5-Aug-12,
6-Aug-12,0
7-Aug-12,
8-Aug-12,
9-Aug-12,
10-Aug-12,
11-Aug-12,
12-Aug-12,
13-Aug-12,
14-Aug-12,
15-Aug-12,
16-Aug-12,
17-Aug-12,0
18-Aug-12,0
19-Aug-12,
20-Aug-12,0
21-Aug-12,0
22-Aug-12,
23-Aug-12,0
24-Aug-12,0
25-Aug-12,0
26-Aug-12,
27-Aug-12,
28-Aug-12,
29-Aug-12,0
30-Aug-12,0
31-Aug-12,
1-Sep-12,
2-Sep-12,
3-Sep-12,
4-Sep-12,
5-Sep-12,0
6-Sep-12,
7-Sep-12,
8-Sep-12,
9-Sep-12,
10-Sep-12,
11-Sep-12,
12-Sep-12,
13-Sep-12,
14-Sep-12,0
15-Sep-12,0
16-Sep-12,
17-Sep-12,0
18-Sep-12,0
19-Sep-12,
20-Sep-12,0
21-Sep-12,
22-Sep-12,0
23-Sep-12,
24-Sep-12,
25-Sep-12,
26-Sep-12,
27-Sep-12,
28-Sep-12,
29-Sep-12,
30-Sep-12,
1-Oct-12,0
2-Oct-12,0
3-Oct-12,0
4-Oct-12,0
5-Oct-12,0
6-Oct-12,
7-Oct-12,
8-Oct-12,
9-Oct-12,
10-Oct-12,57.186
11-Oct-12,
12-Oct-12,
13-Oct-12,
14-Oct-12,
15-Oct-12,
16-Oct-12,
17-Oct-12,
18-Oct-12,
19-Oct-12,
20-Oct-12,
21-Oct-12,65.498
22-Oct-12,75.177
23-Oct-12,76.772
24-Oct-12,
25-Oct-12,64.302
26-Oct-12,61.967
27-Oct-12,61.108
28-Oct-12,65.274
29-Oct-12,
30-Oct-12,62.447
31-Oct-12,65.06
1-Nov-12,
2-Nov-12,
3-Nov-12,
4-Nov-12,
5-Nov-12,
6-Nov-12,
7-Nov-12,
8-Nov-12,
9-Nov-12,
10-Nov-12,
11-Nov-12,
12-Nov-12,
13-Nov-12,
14-Nov-12,
15-Nov-12,
16-Nov-12,
17-Nov-12,
18-Nov-12,
19-Nov-12,
20-Nov-12,
21-Nov-12,
22-Nov-12,
23-Nov-12,
24-Nov-12,
25-Nov-12,
26-Nov-12,
27-Nov-12,
28-Nov-12,
29-Nov-12,
30-Nov-12,
1-Dec-12,
2-Dec-12,
3-Dec-12,
4-Dec-12,
5-Dec-12,
6-Dec-12,
7-Dec-12,
8-Dec-12,
9-Dec-12,
10-Dec-12,
11-Dec-12,
12-Dec-12,
13-Dec-12,
14-Dec-12,
15-Dec-12,
16-Dec-12,
17-Dec-12,
18-Dec-12,
19-Dec-12,
20-Dec-12,
21-Dec-12,
22-Dec-12,
23-Dec-12,
24-Dec-12,
25-Dec-12,
26-Dec-12,
27-Dec-12,
28-Dec-12,
29-Dec-12,
30-Dec-12,
31-Dec-12,
1-Jan-13,
2-Jan-13,
3-Jan-13,
4-Jan-13,
5-Jan-13,
6-Jan-13,
7-Jan-13,
8-Jan-13,
9-Jan-13,
10-Jan-13,
11-Jan-13,
12-Jan-13,
13-Jan-13,
14-Jan-13,
15-Jan-13,
16-Jan-13,
17-Jan-13,
18-Jan-13,
19-Jan-13,
20-Jan-13,
21-Jan-13,
22-Jan-13,
23-Jan-13,
24-Jan-13,
25-Jan-13,
26-Jan-13,
27-Jan-13,
28-Jan-13,
29-Jan-13,
30-Jan-13,
31-Jan-13,
1-Feb-13,
2-Feb-13,
3-Feb-13,
4-Feb-13,
5-Feb-13,
6-Feb-13,58.688
7-Feb-13,
8-Feb-13,53
9-Feb-13,
10-Feb-13,46
11-Feb-13,73
12-Feb-13,
13-Feb-13,
14-Feb-13,55.735
15-Feb-13,56.507
16-Feb-13,
17-Feb-13,
18-Feb-13,
19-Feb-13,
20-Feb-13,
21-Feb-13,61.726
22-Feb-13,
23-Feb-13,
24-Feb-13,
25-Feb-13,64.581
26-Feb-13,69.228
27-Feb-13,78
28-Feb-13,
1-Mar-13,
2-Mar-13,
3-Mar-13,
4-Mar-13,
5-Mar-13,67.14
6-Mar-13,
7-Mar-13,72.642
8-Mar-13,
9-Mar-13,61.278
10-Mar-13,
11-Mar-13,
12-Mar-13,72.005
13-Mar-13,
14-Mar-13,
15-Mar-13,
16-Mar-13,68.777
17-Mar-13,69.642
18-Mar-13,
19-Mar-13,
20-Mar-13,
21-Mar-13,74.358
22-Mar-13,71.144
23-Mar-13,77.581
24-Mar-13,72.135
25-Mar-13,
26-Mar-13,
27-Mar-13,
28-Mar-13,77.358
29-Mar-13,72.865
30-Mar-13,72
31-Mar-13,72
1-Apr-13,
2-Apr-13,66
3-Apr-13,70.14
4-Apr-13,
5-Apr-13,
6-Apr-13,71.274
7-Apr-13,71
8-Apr-13,
9-Apr-13,
10-Apr-13,68.726
11-Apr-13,
12-Apr-13,
13-Apr-13,80.279
14-Apr-13,
15-Apr-13,72.363
16-Apr-13,74
17-Apr-13,80.86
18-Apr-13,
19-Apr-13,76
20-Apr-13,
21-Apr-13,
22-Apr-13,81.726
23-Apr-13,81.502
24-Apr-13,
25-Apr-13,76
26-Apr-13,69.363
27-Apr-13,
28-Apr-13,
29-Apr-13,
30-Apr-13,77.279
1-May-13,
2-May-13,70.502
3-May-13,76.14
4-May-13,67
5-May-13,74.591
6-May-13,71.726
7-May-13,72.363
8-May-13,82
9-May-13,
10-May-13,83.14
11-May-13,83.502
12-May-13,
13-May-13,
14-May-13,71.14
15-May-13,80.14
16-May-13,91
17-May-13,
18-May-13,
19-May-13,
20-May-13,88
21-May-13,91
22-May-13,94.005
23-May-13,
24-May-13,
25-May-13,89.335
26-May-13,85.847
27-May-13,
28-May-13,
29-May-13,78.772
30-May-13,
31-May-13,
1-Jun-13,
2-Jun-13,62.949
3-Jun-13,67.254
4-Jun-13,
5-Jun-13,
6-Jun-13,79.716
7-Jun-13,
8-Jun-13,0
9-Jun-13,0
10-Jun-13,
11-Jun-13,0
12-Jun-13,
13-Jun-13,0
14-Jun-13,0
15-Jun-13,
16-Jun-13,
17-Jun-13,0
18-Jun-13,0
19-Jun-13,0
20-Jun-13,0
21-Jun-13,0
22-Jun-13,
23-Jun-13,0
24-Jun-13,
25-Jun-13,
26-Jun-13,0
27-Jun-13,0
28-Jun-13,0
29-Jun-13,
30-Jun-13,5.972
1-Jul-13,0
2-Jul-13,0
3-Jul-13,
4-Jul-13,
5-Jul-13,0
6-Jul-13,0
7-Jul-13,
8-Jul-13,
9-Jul-13,
10-Jul-13,0
11-Jul-13,
12-Jul-13,
13-Jul-13,0
14-Jul-13,0
15-Jul-13,0
16-Jul-13,
17-Jul-13,
18-Jul-13,
19-Jul-13,0
20-Jul-13,0
21-Jul-13,0
22-Jul-13,0
23-Jul-13,
24-Jul-13,
25-Jul-13,
26-Jul-13,0
27-Jul-13,0
28-Jul-13,
29-Jul-13,
30-Jul-13,
31-Jul-13,
1-Aug-13,
2-Aug-13,0
3-Aug-13,0
4-Aug-13,
5-Aug-13,0
6-Aug-13,
7-Aug-13,0
8-Aug-13,0
9-Aug-13,0
10-Aug-13,
11-Aug-13,
12-Aug-13,0
13-Aug-13,
14-Aug-13,
15-Aug-13,
16-Aug-13,
17-Aug-13,
18-Aug-13,
19-Aug-13,
20-Aug-13,
21-Aug-13,
22-Aug-13,
23-Aug-13,
24-Aug-13,
25-Aug-13,
26-Aug-13,0
27-Aug-13,0
28-Aug-13,0
29-Aug-13,0
30-Aug-13,
31-Aug-13,
1-Sep-13,
2-Sep-13,0
3-Sep-13,
4-Sep-13,
5-Sep-13,0
6-Sep-13,0
7-Sep-13,
8-Sep-13,
9-Sep-13,
10-Sep-13,
11-Sep-13,0
12-Sep-13,
13-Sep-13,0
14-Sep-13,
15-Sep-13,
16-Sep-13,
17-Sep-13,
18-Sep-13,0
19-Sep-13,
20-Sep-13,
21-Sep-13,0
22-Sep-13,
23-Sep-13,
24-Sep-13,
25-Sep-13,
26-Sep-13,
27-Sep-13,
28-Sep-13,
29-Sep-13,
30-Sep-13,
1-Oct-13,
2-Oct-13,9.254
3-Oct-13,
4-Oct-13,21.5
5-Oct-13,
6-Oct-13,0
7-Oct-13,
8-Oct-13,7.256
9-Oct-13,
10-Oct-13,
11-Oct-13,
12-Oct-13,0
13-Oct-13,
14-Oct-13,
15-Oct-13,0
16-Oct-13,0
17-Oct-13,
18-Oct-13,
19-Oct-13,
20-Oct-13,
21-Oct-13,0
22-Oct-13,
23-Oct-13,
24-Oct-13,
25-Oct-13,
26-Oct-13,
27-Oct-13,
28-Oct-13,
29-Oct-13,
30-Oct-13,
31-Oct-13,48.005
1-Nov-13,
2-Nov-13,40
3-Nov-13,58.721
4-Nov-13,
5-Nov-13,
6-Nov-13,
7-Nov-13,
8-Nov-13,
9-Nov-13,
10-Nov-13,
11-Nov-13,
12-Nov-13,
13-Nov-13,
14-Nov-13,
15-Nov-13,
16-Nov-13,
17-Nov-13,
18-Nov-13,
19-Nov-13,
20-Nov-13,
21-Nov-13,
22-Nov-13,
23-Nov-13,
24-Nov-13,
25-Nov-13,
26-Nov-13,
27-Nov-13,
28-Nov-13,
29-Nov-13,
30-Nov-13,
1-Dec-13,
2-Dec-13,
3-Dec-13,
4-Dec-13,
5-Dec-13,
6-Dec-13,
7-Dec-13,
8-Dec-13,
9-Dec-13,
10-Dec-13,
11-Dec-13,
12-Dec-13,
13-Dec-13,
14-Dec-13,
15-Dec-13,
16-Dec-13,
17-Dec-13,
18-Dec-13,
19-Dec-13,
20-Dec-13,
21-Dec-13,
22-Dec-13,
23-Dec-13,
24-Dec-13,
25-Dec-13,
26-Dec-13,
27-Dec-13,
28-Dec-13,
29-Dec-13,
30-Dec-13,
31-Dec-13,
1-Jan-14,
2-Jan-14,
3-Jan-14,
4-Jan-14,
5-Jan-14,
6-Jan-14,
7-Jan-14,
8-Jan-14,
9-Jan-14,
10-Jan-14,
11-Jan-14,
12-Jan-14,
13-Jan-14,
14-Jan-14,
15-Jan-14,
16-Jan-14,
17-Jan-14,
18-Jan-14,
19-Jan-14,
20-Jan-14,
21-Jan-14,
22-Jan-14,
23-Jan-14,
24-Jan-14,
25-Jan-14,
26-Jan-14,
27-Jan-14,
28-Jan-14,
29-Jan-14,
30-Jan-14,
31-Jan-14,
1-Feb-14,
2-Feb-14,
3-Feb-14,
4-Feb-14,
5-Feb-14,
6-Feb-14,
7-Feb-14,51.066
8-Feb-14,61.098
9-Feb-14,
10-Feb-14,
11-Feb-14,
12-Feb-14,57.995
13-Feb-14,
14-Feb-14,
15-Feb-14,59.912
16-Feb-14,
17-Feb-14,56.944
18-Feb-14,59.73
19-Feb-14,
20-Feb-14,62.316
21-Feb-14,58.14
22-Feb-14,72.191
23-Feb-14,72.591
24-Feb-14,72.73
25-Feb-14,74.051
26-Feb-14,
27-Feb-14,
28-Feb-14,69.86
1-Mar-14,75.916
2-Mar-14,
3-Mar-14,
4-Mar-14,
5-Mar-14,66.111
6-Mar-14,63
7-Mar-14,
8-Mar-14,
9-Mar-14,
10-Mar-14,63.721
11-Mar-14,61.777
12-Mar-14,74.916
13-Mar-14,78.865
14-Mar-14,76.005
15-Mar-14,78.781
16-Mar-14,
17-Mar-14,
18-Mar-14,
19-Mar-14,
20-Mar-14,
21-Mar-14,
22-Mar-14,
23-Mar-14,
24-Mar-14,74.363
25-Mar-14,74.86
26-Mar-14,80.14
27-Mar-14,81.144
28-Mar-14,83.14
29-Mar-14,85.14
30-Mar-14,77
31-Mar-14,
1-Apr-14,80.363
2-Apr-14,81.14
3-Apr-14,81.865
4-Apr-14,84.865
5-Apr-14,81.363
6-Apr-14,72.14
7-Apr-14,
8-Apr-14,
9-Apr-14,78
10-Apr-14,76.642
11-Apr-14,74.14
12-Apr-14,78.144
13-Apr-14,81.14
14-Apr-14,
15-Apr-14,85.279
16-Apr-14,87.14
17-Apr-14,
18-Apr-14,
19-Apr-14,
20-Apr-14,83.637
21-Apr-14,74.367
22-Apr-14,77.512
23-Apr-14,84.14
24-Apr-14,
25-Apr-14,84.502
26-Apr-14,
27-Apr-14,
28-Apr-14,68.637
29-Apr-14,77.637
30-Apr-14,
1-May-14,73.14
2-May-14,
3-May-14,93
4-May-14,
5-May-14,
6-May-14,73.144
7-May-14,
8-May-14,
9-May-14,
10-May-14,63.876
11-May-14,88.926
12-May-14,
13-May-14,
14-May-14,76.8
15-May-14,
16-May-14,
17-May-14,
18-May-14,
19-May-14,
20-May-14,
21-May-14,
22-May-14,
23-May-14,
24-May-14,
25-May-14,
26-May-14,
27-May-14,13.256
28-May-14,0
29-May-14,14.93
30-May-14,
31-May-14,0
1-Jun-14,
2-Jun-14,
3-Jun-14,
4-Jun-14,0
5-Jun-14,
6-Jun-14,
7-Jun-14,0
8-Jun-14,0
9-Jun-14,0
10-Jun-14,0
11-Jun-14,0
12-Jun-14,
13-Jun-14,
14-Jun-14,
15-Jun-14,0
16-Jun-14,0
17-Jun-14,0
18-Jun-14,
19-Jun-14,
20-Jun-14,
21-Jun-14,0
22-Jun-14,0
23-Jun-14,0
24-Jun-14,0
25-Jun-14,0
26-Jun-14,
27-Jun-14,0
28-Jun-14,
29-Jun-14,0
30-Jun-14,0
1-Jul-14,0
2-Jul-14,0
3-Jul-14,0
4-Jul-14,
5-Jul-14,
6-Jul-14,0
7-Jul-14,
8-Jul-14,
9-Jul-14,0
10-Jul-14,0
11-Jul-14,0
12-Jul-14,
13-Jul-14,0
14-Jul-14,0
15-Jul-14,
16-Jul-14,0
17-Jul-14,0
18-Jul-14,0
19-Jul-14,
20-Jul-14,
21-Jul-14,0
22-Jul-14,
23-Jul-14,0
24-Jul-14,
25-Jul-14,
26-Jul-14,
27-Jul-14,
28-Jul-14,
29-Jul-14,
30-Jul-14,
31-Jul-14,
1-Aug-14,
2-Aug-14,
3-Aug-14,
4-Aug-14,
5-Aug-14,
6-Aug-14,
7-Aug-14,0
8-Aug-14,0
9-Aug-14,0
10-Aug-14,0
11-Aug-14,0
12-Aug-14,
13-Aug-14,
14-Aug-14,
15-Aug-14,0
16-Aug-14,
17-Aug-14,0
18-Aug-14,0
19-Aug-14,0
20-Aug-14,0
21-Aug-14,
22-Aug-14,
23-Aug-14,
24-Aug-14,
25-Aug-14,
26-Aug-14,0
27-Aug-14,0
28-Aug-14,0
29-Aug-14,0
30-Aug-14,
31-Aug-14,
1-Sep-14,
2-Sep-14,
3-Sep-14,
4-Sep-14,
5-Sep-14,
6-Sep-14,
7-Sep-14,0
8-Sep-14,0
9-Sep-14,0
10-Sep-14,
11-Sep-14,
12-Sep-14,0
13-Sep-14,
14-Sep-14,0
15-Sep-14,
16-Sep-14,
17-Sep-14,
18-Sep-14,
19-Sep-14,
20-Sep-14,
21-Sep-14,
22-Sep-14,
23-Sep-14,
24-Sep-14,0
25-Sep-14,
26-Sep-14,0
27-Sep-14,
28-Sep-14,0
29-Sep-14,
30-Sep-14,0
1-Oct-14,
2-Oct-14,
3-Oct-14,
4-Oct-14,
5-Oct-14,
6-Oct-14,
7-Oct-14,
8-Oct-14,
9-Oct-14,70.958
10-Oct-14,
11-Oct-14,
12-Oct-14,
13-Oct-14,
14-Oct-14,
15-Oct-14,
16-Oct-14,
17-Oct-14,
18-Oct-14,
19-Oct-14,
20-Oct-14,
21-Oct-14,
22-Oct-14,
23-Oct-14,
24-Oct-14,
25-Oct-14,60.6
26-Oct-14,66.056
27-Oct-14,70.451
28-Oct-14,74.86
29-Oct-14,
30-Oct-14,
31-Oct-14,
1-Nov-14,54.772
2-Nov-14,
3-Nov-14,56.986
4-Nov-14,
5-Nov-14,
6-Nov-14,
7-Nov-14,
8-Nov-14,
9-Nov-14,
10-Nov-14,
11-Nov-14,
12-Nov-14,
13-Nov-14,
14-Nov-14,
15-Nov-14,
16-Nov-14,
17-Nov-14,
18-Nov-14,
19-Nov-14,
20-Nov-14,
21-Nov-14,
22-Nov-14,
23-Nov-14,
24-Nov-14,
25-Nov-14,
26-Nov-14,
27-Nov-14,
28-Nov-14,
29-Nov-14,
30-Nov-14,
1-Dec-14,
2-Dec-14,
3-Dec-14,
4-Dec-14,
5-Dec-14,
6-Dec-14,
7-Dec-14,
8-Dec-14,
9-Dec-14,
10-Dec-14,
11-Dec-14,
12-Dec-14,
13-Dec-14,
14-Dec-14,
15-Dec-14,
16-Dec-14,
17-Dec-14,
18-Dec-14,
19-Dec-14,
20-Dec-14,
21-Dec-14,
22-Dec-14,
23-Dec-14,
24-Dec-14,
25-Dec-14,
26-Dec-14,
27-Dec-14,
28-Dec-14,
29-Dec-14,
30-Dec-14,
31-Dec-14,
1-Jan-15,
2-Jan-15,
3-Jan-15,
4-Jan-15,
5-Jan-15,
6-Jan-15,
7-Jan-15,
8-Jan-15,
9-Jan-15,
10-Jan-15,
11-Jan-15,
12-Jan-15,
13-Jan-15,
14-Jan-15,
15-Jan-15,
16-Jan-15,
17-Jan-15,
18-Jan-15,
19-Jan-15,
20-Jan-15,
21-Jan-15,
22-Jan-15,
23-Jan-15,
24-Jan-15,
25-Jan-15,
26-Jan-15,
27-Jan-15,
28-Jan-15,
29-Jan-15,
30-Jan-15,
31-Jan-15,
1-Feb-15,
2-Feb-15,
3-Feb-15,
4-Feb-15,
5-Feb-15,
6-Feb-15,
7-Feb-15,48.833
8-Feb-15,
9-Feb-15,50.451
10-Feb-15,
11-Feb-15,57.698
12-Feb-15,
13-Feb-15,
14-Feb-15,84.656
15-Feb-15,
16-Feb-15,
17-Feb-15,
18-Feb-15,
19-Feb-15,90.186
20-Feb-15,59
21-Feb-15,61.763
22-Feb-15,57.158
23-Feb-15,
24-Feb-15,72.879
25-Feb-15,65
26-Feb-15,
27-Feb-15,
28-Feb-15,
1-Mar-15,
2-Mar-15,73.651
3-Mar-15,67
4-Mar-15,84.726
5-Mar-15,67.009
6-Mar-15,65.493
7-Mar-15,68.995
8-Mar-15,66.726
9-Mar-15,64.87
10-Mar-15,
11-Mar-15,67.642
12-Mar-15,63.14
13-Mar-15,
14-Mar-15,
15-Mar-15,69.377
16-Mar-15,75.233
17-Mar-15,
18-Mar-15,77.953
19-Mar-15,76.874
20-Mar-15,84.135
21-Mar-15,79.367
22-Mar-15,81.591
23-Mar-15,79.647
24-Mar-15,
25-Mar-15,71
26-Mar-15,77.874
27-Mar-15,
28-Mar-15,
29-Mar-15,73.637
30-Mar-15,75
31-Mar-15,77.279
1-Apr-15,79.005
2-Apr-15,72.651
3-Apr-15,81.005
4-Apr-15,78.502
5-Apr-15,75.279
6-Apr-15,75.507
7-Apr-15,77.647
8-Apr-15,
9-Apr-15,
10-Apr-15,
11-Apr-15,
12-Apr-15,
13-Apr-15,
14-Apr-15,
15-Apr-15,
16-Apr-15,
17-Apr-15,
18-Apr-15,73
19-Apr-15,78.219
20-Apr-15,74.279
21-Apr-15,82.279
22-Apr-15,82.86
23-Apr-15,86.716
24-Apr-15,86.995
25-Apr-15,87.772
26-Apr-15,88
27-Apr-15,85.279
28-Apr-15,
29-Apr-15,
30-Apr-15,
1-May-15,
2-May-15,
3-May-15,
4-May-15,80.86
5-May-15,
6-May-15,
7-May-15,84.358
8-May-15,90.14
9-May-15,76.558
10-May-15,
11-May-15,
12-May-15,
13-May-15,66.767
14-May-15,
15-May-15,47.033
16-May-15,41.916
17-May-15,10.884
18-May-15,0
19-May-15,
20-May-15,0
21-May-15,0
22-May-15,0
23-May-15,0
24-May-15,
25-May-15,36
26-May-15,0
27-May-15,0
28-May-15,0
29-May-15,
30-May-15,
31-May-15,
1-Jun-15,
2-Jun-15,
3-Jun-15,0
4-Jun-15,
5-Jun-15,
6-Jun-15,
7-Jun-15,
8-Jun-15,0
9-Jun-15,0
10-Jun-15,0
11-Jun-15,
12-Jun-15,0
13-Jun-15,0
14-Jun-15,0
15-Jun-15,
16-Jun-15,
17-Jun-15,0
18-Jun-15,0
19-Jun-15,
20-Jun-15,0
21-Jun-15,0
22-Jun-15,0
23-Jun-15,
24-Jun-15,0
25-Jun-15,0
26-Jun-15,
27-Jun-15,
28-Jun-15,
29-Jun-15,
30-Jun-15,0
1-Jul-15,0
2-Jul-15,0
3-Jul-15,0
4-Jul-15,
5-Jul-15,
6-Jul-15,0
7-Jul-15,
8-Jul-15,
9-Jul-15,
10-Jul-15,
11-Jul-15,
12-Jul-15,
13-Jul-15,
14-Jul-15,0
15-Jul-15,0
16-Jul-15,0
17-Jul-15,
18-Jul-15,
19-Jul-15,0
20-Jul-15,
21-Jul-15,
22-Jul-15,
23-Jul-15,
24-Jul-15,
25-Jul-15,
26-Jul-15,
27-Jul-15,
28-Jul-15,
29-Jul-15,
30-Jul-15,
31-Jul-15,0
1-Aug-15,
2-Aug-15,
3-Aug-15,
4-Aug-15,
5-Aug-15,
6-Aug-15,
7-Aug-15,0
8-Aug-15,0
9-Aug-15,0
10-Aug-15,0
11-Aug-15,
12-Aug-15,
13-Aug-15,
14-Aug-15,
15-Aug-15,
16-Aug-15,
17-Aug-15,
18-Aug-15,
19-Aug-15,
20-Aug-15,
21-Aug-15,0
22-Aug-15,0
23-Aug-15,
24-Aug-15,
25-Aug-15,0
26-Aug-15,
27-Aug-15,
28-Aug-15,0
29-Aug-15,
30-Aug-15,
31-Aug-15,
1-Sep-15,
2-Sep-15,
3-Sep-15,
4-Sep-15,
5-Sep-15,
6-Sep-15,0
7-Sep-15,
8-Sep-15,
9-Sep-15,
10-Sep-15,
11-Sep-15,
12-Sep-15,0
13-Sep-15,0
14-Sep-15,0
15-Sep-15,
16-Sep-15,
17-Sep-15,0
18-Sep-15,
19-Sep-15,0
20-Sep-15,
21-Sep-15,
22-Sep-15,
23-Sep-15,
24-Sep-15,
25-Sep-15,0
26-Sep-15,0
27-Sep-15,
28-Sep-15,
29-Sep-15,
30-Sep-15,
1-Oct-15,
2-Oct-15,
3-Oct-15,78.949
4-Oct-15,
5-Oct-15,58
6-Oct-15,75
7-Oct-15,
8-Oct-15,
9-Oct-15,
10-Oct-15,
11-Oct-15,67
12-Oct-15,
13-Oct-15,
14-Oct-15,
15-Oct-15,
16-Oct-15,
17-Oct-15,81.819
18-Oct-15,
19-Oct-15,
20-Oct-15,
21-Oct-15,
22-Oct-15,
23-Oct-15,
24-Oct-15,62.66
25-Oct-15,
26-Oct-15,
27-Oct-15,
28-Oct-15,43.589
29-Oct-15,
30-Oct-15,53.809
31-Oct-15,55.907
1-Nov-15,62
2-Nov-15,
3-Nov-15,
4-Nov-15,
5-Nov-15,
6-Nov-15,
7-Nov-15,
8-Nov-15,
9-Nov-15,
10-Nov-15,
11-Nov-15,
12-Nov-15,
13-Nov-15,
14-Nov-15,
15-Nov-15,
16-Nov-15,
17-Nov-15,
18-Nov-15,
19-Nov-15,
20-Nov-15,
21-Nov-15,
22-Nov-15,
23-Nov-15,
24-Nov-15,
25-Nov-15,
26-Nov-15,
27-Nov-15,
28-Nov-15,
29-Nov-15,
30-Nov-15,
1-Dec-15,
2-Dec-15,
3-Dec-15,
4-Dec-15,
5-Dec-15,
6-Dec-15,
7-Dec-15,
8-Dec-15,
9-Dec-15,
10-Dec-15,
11-Dec-15,
12-Dec-15,
13-Dec-15,
14-Dec-15,
15-Dec-15,
16-Dec-15,
17-Dec-15,
18-Dec-15,
19-Dec-15,
20-Dec-15,
21-Dec-15,
22-Dec-15,
23-Dec-15,
24-Dec-15,
25-Dec-15,
26-Dec-15,
27-Dec-15,
28-Dec-15,
29-Dec-15,
30-Dec-15,
31-Dec-15,
1-Jan-16,
2-Jan-16,
3-Jan-16,
4-Jan-16,
5-Jan-16,
6-Jan-16,
7-Jan-16,
8-Jan-16,
9-Jan-16,
10-Jan-16,
11-Jan-16,
12-Jan-16,
13-Jan-16,
14-Jan-16,
15-Jan-16,
16-Jan-16,
17-Jan-16,
18-Jan-16,
19-Jan-16,
20-Jan-16,
21-Jan-16,
22-Jan-16,
23-Jan-16,
24-Jan-16,
25-Jan-16,
26-Jan-16,
27-Jan-16,
28-Jan-16,
29-Jan-16,
30-Jan-16,
31-Jan-16,
1-Feb-16,
2-Feb-16,
3-Feb-16,
4-Feb-16,
5-Feb-16,
6-Feb-16,83.8
7-Feb-16,
8-Feb-16,67.93
9-Feb-16,
10-Feb-16,
11-Feb-16,
12-Feb-16,
13-Feb-16,61.46
14-Feb-16,72.591
15-Feb-16,71.093
16-Feb-16,
17-Feb-16,
18-Feb-16,
28-Feb-16,
29-Feb-16,78.916
1-Mar-16,
2-Mar-16,
3-Mar-16,65.735
4-Mar-16,76.367
5-Mar-16,
6-Mar-16,
7-Mar-16,
8-Mar-16,
9-Mar-16,
10-Mar-16,
11-Mar-16,
12-Mar-16,
13-Mar-16,63.414
14-Mar-16,
15-Mar-16,
16-Mar-16,58
17-Mar-16,
18-Mar-16,64.907
19-Mar-16,
20-Mar-16,69.991
21-Mar-16,68.223
22-Mar-16,73.865
23-Mar-16,
24-Mar-16,
25-Mar-16,68.856
26-Mar-16,
27-Mar-16,
28-Mar-16,
29-Mar-16,65.637
30-Mar-16,
31-Mar-16,78.86
1-Apr-16,78.363
2-Apr-16,
3-Apr-16,69.414
4-Apr-16,71.228
5-Apr-16,75.865
6-Apr-16,73.865
7-Apr-16,76.419
8-Apr-16,79.14
9-Apr-16,79.777
10-Apr-16,80.14
11-Apr-16,78.865
12-Apr-16,72.637
13-Apr-16,
14-Apr-16,
15-Apr-16,
16-Apr-16,
17-Apr-16,
18-Apr-16,
19-Apr-16,81.637
20-Apr-16,76.419
21-Apr-16,82.363
22-Apr-16,80.865
23-Apr-16,
24-Apr-16,
25-Apr-16,
26-Apr-16,
27-Apr-16,79.781
28-Apr-16,79.86
29-Apr-16,
30-Apr-16,
1-May-16,
2-May-16,
3-May-16,
4-May-16,
5-May-16,
6-May-16,86.363
7-May-16,88.86
8-May-16,
9-May-16,92
10-May-16,91.005
11-May-16,92
12-May-16,88.507
13-May-16,70.181
14-May-16,
15-May-16,
16-May-16,
17-May-16,49
18-May-16,
19-May-16,58.944
20-May-16,0
21-May-16,0
22-May-16,
23-May-16,
24-May-16,
25-May-16,
26-May-16,
27-May-16,
28-May-16,
29-May-16,
30-May-16,0
31-May-16,0
1-Jun-16,
2-Jun-16,
3-Jun-16,
4-Jun-16,0
5-Jun-16,
6-Jun-16,
7-Jun-16,0
8-Jun-16,
9-Jun-16,
10-Jun-16,
11-Jun-16,0
12-Jun-16,0
13-Jun-16,0
14-Jun-16,
15-Jun-16,
16-Jun-16,0
17-Jun-16,
18-Jun-16,0
19-Jun-16,0
20-Jun-16,0
21-Jun-16,
22-Jun-16,
23-Jun-16,0
24-Jun-16,0
25-Jun-16,0
26-Jun-16,0
27-Jun-16,
28-Jun-16,0
29-Jun-16,0
30-Jun-16,0
1-Jul-16,0
2-Jul-16,0
3-Jul-16,
4-Jul-16,0
5-Jul-16,0
6-Jul-16,
7-Jul-16,0
8-Jul-16,
9-Jul-16,
10-Jul-16,0
11-Jul-16,
12-Jul-16,
13-Jul-16,0
14-Jul-16,0
15-Jul-16,0
16-Jul-16,
17-Jul-16,
18-Jul-16,
19-Jul-16,
20-Jul-16,19.33
21-Jul-16,
22-Jul-16,
23-Jul-16,0
24-Jul-16,0
25-Jul-16,0
26-Jul-16,0
27-Jul-16,0
28-Jul-16,0
29-Jul-16,0
30-Jul-16,
31-Jul-16,
1-Aug-16,
2-Aug-16,
3-Aug-16,
4-Aug-16,
5-Aug-16,0
6-Aug-16,0
7-Aug-16,0
8-Aug-16,0
9-Aug-16,
10-Aug-16,
11-Aug-16,
12-Aug-16,
13-Aug-16,
14-Aug-16,
15-Aug-16,
16-Aug-16,
17-Aug-16,
18-Aug-16,0
19-Aug-16,
20-Aug-16,
21-Aug-16,0
22-Aug-16,
23-Aug-16,
24-Aug-16,0
25-Aug-16,0
26-Aug-16,
27-Aug-16,0
28-Aug-16,0
29-Aug-16,
30-Aug-16,
31-Aug-16,0
1-Sep-16,0
2-Sep-16,
3-Sep-16,
4-Sep-16,
5-Sep-16,
6-Sep-16,0
7-Sep-16,
8-Sep-16,0
9-Sep-16,
10-Sep-16,
11-Sep-16,27
12-Sep-16,
13-Sep-16,
14-Sep-16,
15-Sep-16,
16-Sep-16,
17-Sep-16,
18-Sep-16,
19-Sep-16,
20-Sep-16,
21-Sep-16,
22-Sep-16,
23-Sep-16,0
24-Sep-16,
25-Sep-16,0
26-Sep-16,0
27-Sep-16,
28-Sep-16,
29-Sep-16,
30-Sep-16,
1-Oct-16,
2-Oct-16,0
3-Oct-16,0
4-Oct-16,0
5-Oct-16,
6-Oct-16,
7-Oct-16,
8-Oct-16,
9-Oct-16,
10-Oct-16,0
11-Oct-16,0
12-Oct-16,0
13-Oct-16,
14-Oct-16,
15-Oct-16,41.837
16-Oct-16,42.898
17-Oct-16,
18-Oct-16,50.47
19-Oct-16,68.721
20-Oct-16,55.33
21-Oct-16,
22-Oct-16,69.991
23-Oct-16,73.284
24-Oct-16,67.921
25-Oct-16,
26-Oct-16,77.916
27-Oct-16,74.698
28-Oct-16,79.916
29-Oct-16,42.279
30-Oct-16,78.144
31-Oct-16,60.572
1-Nov-16,
2-Nov-16,
3-Nov-16,
4-Nov-16,
5-Nov-16,
6-Nov-16,
7-Nov-16,
8-Nov-16,
9-Nov-16,
10-Nov-16,
11-Nov-16,
12-Nov-16,
13-Nov-16,
14-Nov-16,
15-Nov-16,
16-Nov-16,
17-Nov-16,
18-Nov-16,
19-Nov-16,
20-Nov-16,
21-Nov-16,
22-Nov-16,
23-Nov-16,
24-Nov-16,
25-Nov-16,
26-Nov-16,
27-Nov-16,
28-Nov-16,
29-Nov-16,
30-Nov-16,
1-Dec-16,
2-Dec-16,
3-Dec-16,
4-Dec-16,
5-Dec-16,
6-Dec-16,
7-Dec-16,
8-Dec-16,
9-Dec-16,
10-Dec-16,
11-Dec-16,
12-Dec-16,
13-Dec-16,
14-Dec-16,
15-Dec-16,
16-Dec-16,
17-Dec-16,
18-Dec-16,
19-Dec-16,
20-Dec-16,
21-Dec-16,
22-Dec-16,
23-Dec-16,
24-Dec-16,
25-Dec-16,
26-Dec-16,
27-Dec-16,
28-Dec-16,
29-Dec-16,
30-Dec-16,
31-Dec-16,
1-Jan-17,
2-Jan-17,
3-Jan-17,
4-Jan-17,
5-Jan-17,
6-Jan-17,
7-Jan-17,
8-Jan-17,
9-Jan-17,
10-Jan-17,
11-Jan-17,
12-Jan-17,
13-Jan-17,
14-Jan-17,
15-Jan-17,
16-Jan-17,
17-Jan-17,
18-Jan-17,
19-Jan-17,
20-Jan-17,
21-Jan-17,
22-Jan-17,
23-Jan-17,
24-Jan-17,
25-Jan-17,
26-Jan-17,
27-Jan-17,
28-Jan-17,
29-Jan-17,
30-Jan-17,
31-Jan-17,
1-Feb-17,
2-Feb-17,
3-Feb-17,
4-Feb-17,
5-Feb-17,
6-Feb-17,69.307
7-Feb-17,50.777
8-Feb-17,55.389
9-Feb-17,
10-Feb-17,59.051
11-Feb-17,
12-Feb-17,79.107
13-Feb-17,
14-Feb-17,
15-Feb-17,
16-Feb-17,
17-Feb-17,
18-Feb-17,
19-Feb-17,
20-Feb-17,
21-Feb-17,
22-Feb-17,
23-Feb-17,69.73
24-Feb-17,
25-Feb-17,
26-Feb-17,64.637
27-Feb-17,
28-Feb-17,
1-Mar-17,
2-Mar-17,
3-Mar-17,
4-Mar-17,58
5-Mar-17,57
6-Mar-17,
7-Mar-17,66.149
8-Mar-17,67.73
9-Mar-17,
10-Mar-17,
11-Mar-17,71.912
12-Mar-17,
13-Mar-17,69.144
14-Mar-17,74
15-Mar-17,66.367
16-Mar-17,72.363
17-Mar-17,73.274
18-Mar-17,77.498
19-Mar-17,68.363
20-Mar-17,74.279
21-Mar-17,65
22-Mar-17,75.721
23-Mar-17,80.363
24-Mar-17,68.223
25-Mar-17,74.86
26-Mar-17,77.777
27-Mar-17,80.637
28-Mar-17,74.995
29-Mar-17,75.358
30-Mar-17,
31-Mar-17,
1-Apr-17,
2-Apr-17,
3-Apr-17,68.726
4-Apr-17,73.493
5-Apr-17,77.228
6-Apr-17,77.637
7-Apr-17,74.367
8-Apr-17,78.14
9-Apr-17,
10-Apr-17,83
11-Apr-17,81.865
12-Apr-17,83.865
13-Apr-17,
14-Apr-17,
15-Apr-17,73.726
16-Apr-17,
17-Apr-17,
18-Apr-17,72.367
19-Apr-17,
20-Apr-17,71.414
21-Apr-17,71.721
22-Apr-17,80.135
23-Apr-17,79.367
24-Apr-17,75.363
25-Apr-17,
26-Apr-17,
27-Apr-17,
28-Apr-17,
29-Apr-17,
30-Apr-17,84
1-May-17,85.005
2-May-17,81.228
3-May-17,85.005
4-May-17,
5-May-17,
6-May-17,
7-May-17,89
8-May-17,
9-May-17,
10-May-17,
11-May-17,
12-May-17,
13-May-17,
14-May-17,
15-May-17,
16-May-17,91.642
17-May-17,85.302
18-May-17,
19-May-17,
20-May-17,
21-May-17,
22-May-17,
23-May-17,
24-May-17,
25-May-17,
26-May-17,
27-May-17,21
28-May-17,
29-May-17,
30-May-17,29.363
31-May-17,
1-Jun-17,
2-Jun-17,
3-Jun-17,0
4-Jun-17,0
5-Jun-17,0
6-Jun-17,
7-Jun-17,0
8-Jun-17,0
9-Jun-17,
10-Jun-17,0
11-Jun-17,0
12-Jun-17,
13-Jun-17,0
14-Jun-17,0
15-Jun-17,0
16-Jun-17,0
17-Jun-17,0
18-Jun-17,
19-Jun-17,0
20-Jun-17,0
21-Jun-17,0
22-Jun-17,0
23-Jun-17,0
24-Jun-17,0
25-Jun-17,0
26-Jun-17,
27-Jun-17,
28-Jun-17,0
29-Jun-17,0
30-Jun-17,0
1-Jul-17,0
2-Jul-17,0
3-Jul-17,
4-Jul-17,
5-Jul-17,7.81
6-Jul-17,
7-Jul-17,0
8-Jul-17,0
9-Jul-17,
10-Jul-17,0
11-Jul-17,
12-Jul-17,0
13-Jul-17,4.977
14-Jul-17,0
15-Jul-17,
16-Jul-17,0
17-Jul-17,0
18-Jul-17,0
19-Jul-17,0
20-Jul-17,
21-Jul-17,
22-Jul-17,
23-Jul-17,
24-Jul-17,
25-Jul-17,
26-Jul-17,0
27-Jul-17,0
28-Jul-17,0
29-Jul-17,0
30-Jul-17,0
31-Jul-17,0
1-Aug-17,0
2-Aug-17,0
3-Aug-17,0
4-Aug-17,
5-Aug-17,0
6-Aug-17,0
7-Aug-17,
8-Aug-17,
9-Aug-17,0
10-Aug-17,
11-Aug-17,
12-Aug-17,0
13-Aug-17,
14-Aug-17,
15-Aug-17,0
16-Aug-17,0
17-Aug-17,
18-Aug-17,
19-Aug-17,
20-Aug-17,
21-Aug-17,0
22-Aug-17,
23-Aug-17,0
24-Aug-17,
25-Aug-17,
26-Aug-17,
27-Aug-17,
28-Aug-17,0
29-Aug-17,
30-Aug-17,
31-Aug-17,
1-Sep-17,
2-Sep-17,
3-Sep-17,
4-Sep-17,
5-Sep-17,
6-Sep-17,42
7-Sep-17,
8-Sep-17,
9-Sep-17,
10-Sep-17,
11-Sep-17,
12-Sep-17,
13-Sep-17,0
14-Sep-17,0
15-Sep-17,0
16-Sep-17,0
17-Sep-17,0
18-Sep-17,0
19-Sep-17,
20-Sep-17,
21-Sep-17,
22-Sep-17,
23-Sep-17,
24-Sep-17,
25-Sep-17,
26-Sep-17,5.784
27-Sep-17,0
28-Sep-17,
29-Sep-17,
30-Sep-17,0
1-Oct-17,
2-Oct-17,
3-Oct-17,49.86
4-Oct-17,
5-Oct-17,0
6-Oct-17,
7-Oct-17,
8-Oct-17,
9-Oct-17,
10-Oct-17,
11-Oct-17,
12-Oct-17,
13-Oct-17,
14-Oct-17,
15-Oct-17,56.722
16-Oct-17,
17-Oct-17,
18-Oct-17,
19-Oct-17,
20-Oct-17,
21-Oct-17,58.642
22-Oct-17,
23-Oct-17,
24-Oct-17,
25-Oct-17,
26-Oct-17,
27-Oct-17,
28-Oct-17,
29-Oct-17,
30-Oct-17,64.902
31-Oct-17,50.34
1-Nov-17,
2-Nov-17,65.693
3-Nov-17,
4-Nov-17,
5-Nov-17,
6-Nov-17,
7-Nov-17,
8-Nov-17,
9-Nov-17,
10-Nov-17,
11-Nov-17,
12-Nov-17,
13-Nov-17,
14-Nov-17,
15-Nov-17,
16-Nov-17,
17-Nov-17,
18-Nov-17,
19-Nov-17,
20-Nov-17,
21-Nov-17,
22-Nov-17,
23-Nov-17,
24-Nov-17,
25-Nov-17,
26-Nov-17,
27-Nov-17,
28-Nov-17,
29-Nov-17,
30-Nov-17,
1-Dec-17,
2-Dec-17,
3-Dec-17,
4-Dec-17,
5-Dec-17,
6-Dec-17,
7-Dec-17,
8-Dec-17,
9-Dec-17,
10-Dec-17,
11-Dec-17,
12-Dec-17,
13-Dec-17,
14-Dec-17,
15-Dec-17,
16-Dec-17,
17-Dec-17,
18-Dec-17,
19-Dec-17,
20-Dec-17,
21-Dec-17,
22-Dec-17,
23-Dec-17,
24-Dec-17,
25-Dec-17,
26-Dec-17,
27-Dec-17,
28-Dec-17,
29-Dec-17,
30-Dec-17,
31-Dec-17,
1-Jan-18,
2-Jan-18,
3-Jan-18,
4-Jan-18,
5-Jan-18,
6-Jan-18,
7-Jan-18,
8-Jan-18,
9-Jan-18,
10-Jan-18,
11-Jan-18,
12-Jan-18,
13-Jan-18,
14-Jan-18,
15-Jan-18,
16-Jan-18,
17-Jan-18,
18-Jan-18,
19-Jan-18,
20-Jan-18,
21-Jan-18,
22-Jan-18,
23-Jan-18,
24-Jan-18,
25-Jan-18,
26-Jan-18,
27-Jan-18,
28-Jan-18,
29-Jan-18,
30-Jan-18,
31-Jan-18,
1-Feb-18,
2-Feb-18,
3-Feb-18,
4-Feb-18,
5-Feb-18,
6-Feb-18,
7-Feb-18,
8-Feb-18,
9-Feb-18,
10-Feb-18,57.14
11-Feb-18,
12-Feb-18,
13-Feb-18,68.949
14-Feb-18,75.912
15-Feb-18,74.005
16-Feb-18,
17-Feb-18,63.642
18-Feb-18,70.777
19-Feb-18,
20-Feb-18,
21-Feb-18,
22-Feb-18,
23-Feb-18,
24-Feb-18,
25-Feb-18,
26-Feb-18,81.451
27-Feb-18,
28-Feb-18,
1-Mar-18,70.014
2-Mar-18,68.279
3-Mar-18,
4-Mar-18,67
5-Mar-18,64.953
6-Mar-18,66
7-Mar-18,
8-Mar-18,
9-Mar-18,70.777
10-Mar-18,
11-Mar-18,64
12-Mar-18,59.111
13-Mar-18,75.647
14-Mar-18,65.135
15-Mar-18,
16-Mar-18,72.772
17-Mar-18,
18-Mar-18,
19-Mar-18,66
20-Mar-18,70.581
21-Mar-18,75.86
22-Mar-18,72.14
23-Mar-18,
24-Mar-18,75.14
25-Mar-18,71.274
26-Mar-18,76.502
27-Mar-18,74.279
28-Mar-18,80.642
29-Mar-18,81.14
30-Mar-18,81.279
31-Mar-18,
1-Apr-18,
2-Apr-18,
3-Apr-18,
4-Apr-18,
5-Apr-18,76.14
6-Apr-18,80.363
7-Apr-18,81
8-Apr-18,79.586
9-Apr-18,82.223
10-Apr-18,78.86
11-Apr-18,82.637
12-Apr-18,
13-Apr-18,81.637
14-Apr-18,77.228
15-Apr-18,77.865
16-Apr-18,
17-Apr-18,82.279
18-Apr-18,77
19-Apr-18,
20-Apr-18,74.274
21-Apr-18,76.637
22-Apr-18,80.363
23-Apr-18,80.995
24-Apr-18,82.14
25-Apr-18,
26-Apr-18,
27-Apr-18,72.498
28-Apr-18,
29-Apr-18,86.14
30-Apr-18,
1-May-18,
2-May-18,
3-May-18,
4-May-18,
5-May-18,
6-May-18,
7-May-18,74.498
8-May-18,78
9-May-18,79.772
10-May-18,
11-May-18,
12-May-18,
13-May-18,90
14-May-18,
15-May-18,98
16-May-18,
17-May-18,
18-May-18,
19-May-18,
20-May-18,95
21-May-18,
22-May-18,
23-May-18,
24-May-18,
25-May-18,
26-May-18,
27-May-18,
28-May-18,
29-May-18,
30-May-18,91
31-May-18,93.502
1-Jun-18,92
2-Jun-18,
3-Jun-18,84.971
4-Jun-18,83.772
5-Jun-18,
6-Jun-18,
7-Jun-18,
8-Jun-18,
9-Jun-18,
10-Jun-18,
11-Jun-18,35.611
12-Jun-18,22.721
13-Jun-18,0
14-Jun-18,0
15-Jun-18,
16-Jun-18,
17-Jun-18,0
18-Jun-18,0
19-Jun-18,
20-Jun-18,
21-Jun-18,
22-Jun-18,0
23-Jun-18,
24-Jun-18,
25-Jun-18,0
26-Jun-18,0
27-Jun-18,
28-Jun-18,
29-Jun-18,
30-Jun-18,0
1-Jul-18,
2-Jul-18,0
3-Jul-18,
4-Jul-18,
5-Jul-18,
6-Jul-18,
7-Jul-18,
8-Jul-18,
9-Jul-18,
10-Jul-18,
11-Jul-18,
12-Jul-18,0
13-Jul-18,0
14-Jul-18,0
15-Jul-18,0
16-Jul-18,
17-Jul-18,
18-Jul-18,0
19-Jul-18,
20-Jul-18,0
21-Jul-18,
22-Jul-18,0
23-Jul-18,0
24-Jul-18,0
25-Jul-18,0
26-Jul-18,
27-Jul-18,
28-Jul-18,
29-Jul-18,
30-Jul-18,0
31-Jul-18,
1-Aug-18,
2-Aug-18,
3-Aug-18,
4-Aug-18,
5-Aug-18,
6-Aug-18,
7-Aug-18,
8-Aug-18,
9-Aug-18,
10-Aug-18,
11-Aug-18,
12-Aug-18,
13-Aug-18,
14-Aug-18,
15-Aug-18,0
16-Aug-18,
17-Aug-18,
18-Aug-18,0
19-Aug-18,
20-Aug-18,
21-Aug-18,
22-Aug-18,0
23-Aug-18,0
24-Aug-18,0
25-Aug-18,0
26-Aug-18,
27-Aug-18,
28-Aug-18,
29-Aug-18,0
30-Aug-18,
31-Aug-18,0
1-Sep-18,
2-Sep-18,
3-Sep-18,
4-Sep-18,0
5-Sep-18,
6-Sep-18,
7-Sep-18,
8-Sep-18,
9-Sep-18,
10-Sep-18,
11-Sep-18,
12-Sep-18,
13-Sep-18,0
14-Sep-18,0
15-Sep-18,0
16-Sep-18,0
17-Sep-18,
18-Sep-18,0
19-Sep-18,0
20-Sep-18,0
21-Sep-18,0
22-Sep-18,
23-Sep-18,
24-Sep-18,
25-Sep-18,
26-Sep-18,
27-Sep-18,
28-Sep-18,
29-Sep-18,
30-Sep-18,
1-Oct-18,48.944
2-Oct-18,50
3-Oct-18,
4-Oct-18,
5-Oct-18,
6-Oct-18,
7-Oct-18,44.47
8-Oct-18,
9-Oct-18,
10-Oct-18,60.735
11-Oct-18,
12-Oct-18,
13-Oct-18,
14-Oct-18,
15-Oct-18,88.363
16-Oct-18,
17-Oct-18,
18-Oct-18,
19-Oct-18,72.86
20-Oct-18,
21-Oct-18,
22-Oct-18,
23-Oct-18,67.363
24-Oct-18,91.86
25-Oct-18,67.279
26-Oct-18,
27-Oct-18,
28-Oct-18,
29-Oct-18,
30-Oct-18,
31-Oct-18,54.735
1-Nov-18,
2-Nov-18,
3-Nov-18,
4-Nov-18,
5-Nov-18,
6-Nov-18,
7-Nov-18,
8-Nov-18,
9-Nov-18,
10-Nov-18,
11-Nov-18,
12-Nov-18,
13-Nov-18,
14-Nov-18,
15-Nov-18,
16-Nov-18,
17-Nov-18,
18-Nov-18,
19-Nov-18,
20-Nov-18,
21-Nov-18,
22-Nov-18,
23-Nov-18,
24-Nov-18,
25-Nov-18,
26-Nov-18,
27-Nov-18,
28-Nov-18,
29-Nov-18,
30-Nov-18,
1-Dec-18,
2-Dec-18,
3-Dec-18,
4-Dec-18,
5-Dec-18,
6-Dec-18,
7-Dec-18,
8-Dec-18,
9-Dec-18,
10-Dec-18,
11-Dec-18,
12-Dec-18,
13-Dec-18,
14-Dec-18,
15-Dec-18,
16-Dec-18,
17-Dec-18,
18-Dec-18,
19-Dec-18,
20-Dec-18,
21-Dec-18,
22-Dec-18,
23-Dec-18,
24-Dec-18,
25-Dec-18,
26-Dec-18,
27-Dec-18,
28-Dec-18,
29-Dec-18,
30-Dec-18,
31-Dec-18,
1-Jan-19,
2-Jan-19,
3-Jan-19,
4-Jan-19,
5-Jan-19,
6-Jan-19,
7-Jan-19,
8-Jan-19,
9-Jan-19,
10-Jan-19,
11-Jan-19,
12-Jan-19,
13-Jan-19,
14-Jan-19,
15-Jan-19,
16-Jan-19,
17-Jan-19,
18-Jan-19,
19-Jan-19,
20-Jan-19,
21-Jan-19,
22-Jan-19,
23-Jan-19,
24-Jan-19,
25-Jan-19,
26-Jan-19,
27-Jan-19,
28-Jan-19,
29-Jan-19,
30-Jan-19,
31-Jan-19,
1-Feb-19,
2-Feb-19,
3-Feb-19,
4-Feb-19,
5-Feb-19,
6-Feb-19,
7-Feb-19,64.549
8-Feb-19,
9-Feb-19,72
10-Feb-19,69.442
11-Feb-19,
12-Feb-19,66.367
13-Feb-19,59.312
14-Feb-19,57.279
15-Feb-19,62.367
16-Feb-19,67.14
17-Feb-19,67.558
18-Feb-19,
19-Feb-19,
20-Feb-19,
21-Feb-19,61.865
22-Feb-19,68
23-Feb-19,61.088
24-Feb-19,
25-Feb-19,73.447
26-Feb-19,
27-Feb-19,77.228
28-Feb-19,78.726
1-Mar-19,80.223
2-Mar-19,81.14
3-Mar-19,
4-Mar-19,74.865
5-Mar-19,71.367
6-Mar-19,76.419
7-Mar-19,
8-Mar-19,
9-Mar-19,
10-Mar-19,77.005
11-Mar-19,
12-Mar-19,
13-Mar-19,66.498
14-Mar-19,
15-Mar-19,83.86
16-Mar-19,
17-Mar-19,81.367
18-Mar-19,
19-Mar-19,
20-Mar-19,82.637
21-Mar-19,
22-Mar-19,76.637
23-Mar-19,
24-Mar-19,
25-Mar-19,
26-Mar-19,71.726
27-Mar-19,
28-Mar-19,
29-Mar-19,80.363
30-Mar-19,
31-Mar-19,
1-Apr-19,
2-Apr-19,76.274
3-Apr-19,73.721
4-Apr-19,
5-Apr-19,75.995
6-Apr-19,78.274
7-Apr-19,
8-Apr-19,
9-Apr-19,
10-Apr-19,
11-Apr-19,
12-Apr-19,
13-Apr-19,
14-Apr-19,
15-Apr-19,82.502
16-Apr-19,86
17-Apr-19,84.865
18-Apr-19,82.507
19-Apr-19,
20-Apr-19,
21-Apr-19,77.865
22-Apr-19,81.363
23-Apr-19,82.223
24-Apr-19,83.865
25-Apr-19,82.502
26-Apr-19,
27-Apr-19,
28-Apr-19,
29-Apr-19,76.637
30-Apr-19,
1-May-19,
2-May-19,78.777
3-May-19,79.73
4-May-19,
5-May-19,84.14
6-May-19,
7-May-19,
8-May-19,
9-May-19,
10-May-19,
11-May-19,
12-May-19,
13-May-19,95
14-May-19,95
15-May-19,95.502
16-May-19,95.498
17-May-19,94.502
18-May-19,94.502
19-May-19,
20-May-19,92.367
21-May-19,90.86
22-May-19,80.749
23-May-19,49.944
24-May-19,19.409
25-May-19,
26-May-19,0
27-May-19,
28-May-19,
29-May-19,5.474
30-May-19,0
31-May-19,0
1-Jun-19,0
2-Jun-19,0
3-Jun-19,
4-Jun-19,0
5-Jun-19,0
6-Jun-19,0
7-Jun-19,0
8-Jun-19,0
9-Jun-19,
10-Jun-19,0
11-Jun-19,0
12-Jun-19,
13-Jun-19,0
14-Jun-19,0
15-Jun-19,0
16-Jun-19,
17-Jun-19,0
18-Jun-19,0
19-Jun-19,
20-Jun-19,0
21-Jun-19,0
22-Jun-19,0
23-Jun-19,0
24-Jun-19,
25-Jun-19,
26-Jun-19,
27-Jun-19,0
28-Jun-19,0
29-Jun-19,0
30-Jun-19,0
1-Jul-19,
2-Jul-19,
3-Jul-19,0
4-Jul-19,
5-Jul-19,
6-Jul-19,
7-Jul-19,
8-Jul-19,
9-Jul-19,0
10-Jul-19,0
11-Jul-19,
12-Jul-19,0
13-Jul-19,
14-Jul-19,0
15-Jul-19,0
16-Jul-19,
17-Jul-19,0
18-Jul-19,
19-Jul-19,
20-Jul-19,
21-Jul-19,
22-Jul-19,
23-Jul-19,
24-Jul-19,0
25-Jul-19,0
26-Jul-19,0
27-Jul-19,0
28-Jul-19,0
29-Jul-19,0
30-Jul-19,0
31-Jul-19,0
1-Aug-19,
2-Aug-19,
3-Aug-19,
4-Aug-19,
5-Aug-19,
6-Aug-19,
7-Aug-19,
8-Aug-19,0
9-Aug-19,
10-Aug-19,
11-Aug-19,
12-Aug-19,
13-Aug-19,
14-Aug-19,
15-Aug-19,
16-Aug-19,
17-Aug-19,
18-Aug-19,
19-Aug-19,
20-Aug-19,0
21-Aug-19,0
22-Aug-19,
23-Aug-19,
24-Aug-19,52.586
25-Aug-19,
26-Aug-19,22.944
27-Aug-19,
28-Aug-19,
29-Aug-19,
30-Aug-19,
31-Aug-19,
1-Sep-19,0
2-Sep-19,0
3-Sep-19,0
4-Sep-19,0
5-Sep-19,
6-Sep-19,0
7-Sep-19,0
8-Sep-19,0
9-Sep-19,0
10-Sep-19,
11-Sep-19,0
12-Sep-19,
13-Sep-19,
14-Sep-19,
15-Sep-19,
16-Sep-19,
17-Sep-19,
18-Sep-19,
19-Sep-19,
20-Sep-19,0
21-Sep-19,
22-Sep-19,
23-Sep-19,
24-Sep-19,0
25-Sep-19,
26-Sep-19,
27-Sep-19,10
28-Sep-19,0
29-Sep-19,0
30-Sep-19,0
1-Oct-19,
2-Oct-19,
3-Oct-19,
4-Oct-19,0
5-Oct-19,
6-Oct-19,
7-Oct-19,
8-Oct-19,
9-Oct-19,
10-Oct-19,20.158
11-Oct-19,
12-Oct-19,
13-Oct-19,
14-Oct-19,
15-Oct-19,
16-Oct-19,62.047
17-Oct-19,
18-Oct-19,
19-Oct-19,43.722
20-Oct-19,
21-Oct-19,
22-Oct-19,
23-Oct-19,59.019
24-Oct-19,
25-Oct-19,
26-Oct-19,
27-Oct-19,
28-Oct-19,
29-Oct-19,57.349
30-Oct-19,
31-Oct-19,58.953
1-Nov-19,
2-Nov-19,53.177
3-Nov-19,
4-Nov-19,
5-Nov-19,
6-Nov-19,
7-Nov-19,
8-Nov-19,
9-Nov-19,
10-Nov-19,
11-Nov-19,
12-Nov-19,
13-Nov-19,
14-Nov-19,
15-Nov-19,
16-Nov-19,
17-Nov-19,
18-Nov-19,
19-Nov-19,
20-Nov-19,
21-Nov-19,
22-Nov-19,
23-Nov-19,
24-Nov-19,
25-Nov-19,
26-Nov-19,
27-Nov-19,
28-Nov-19,
29-Nov-19,
30-Nov-19,
1-Dec-19,
2-Dec-19,
3-Dec-19,
4-Dec-19,
5-Dec-19,
6-Dec-19,
7-Dec-19,
8-Dec-19,
9-Dec-19,
10-Dec-19,
11-Dec-19,
12-Dec-19,
13-Dec-19,
14-Dec-19,
15-Dec-19,
16-Dec-19,
17-Dec-19,
18-Dec-19,
19-Dec-19,
20-Dec-19,
21-Dec-19,
22-Dec-19,
23-Dec-19,
24-Dec-19,
25-Dec-19,
26-Dec-19,
27-Dec-19,
28-Dec-19,
29-Dec-19,
30-Dec-19,
31-Dec-19,
1-Jan-20,
2-Jan-20,
3-Jan-20,
4-Jan-20,
5-Jan-20,
6-Jan-20,
7-Jan-20,
8-Jan-20,
9-Jan-20,
10-Jan-20,
11-Jan-20,
12-Jan-20,
13-Jan-20,
14-Jan-20,
15-Jan-20,
16-Jan-20,
17-Jan-20,
18-Jan-20,
19-Jan-20,
20-Jan-20,
21-Jan-20,
22-Jan-20,
23-Jan-20,
24-Jan-20,
25-Jan-20,
26-Jan-20,
27-Jan-20,
28-Jan-20,
29-Jan-20,
30-Jan-20,
31-Jan-20,
1-Feb-20,
2-Feb-20,
3-Feb-20,
4-Feb-20,
5-Feb-20,
6-Feb-20,
7-Feb-20,59.87
8-Feb-20,
9-Feb-20,
10-Feb-20,69
11-Feb-20,
12-Feb-20,63.637
13-Feb-20,
14-Feb-20,
15-Feb-20,
16-Feb-20,65.642
17-Feb-20,69.502
18-Feb-20,
19-Feb-20,
20-Feb-20,
21-Feb-20,54.14
22-Feb-20,
23-Feb-20,
24-Feb-20,
25-Feb-20,59.279
26-Feb-20,49
27-Feb-20,
28-Feb-20,
29-Feb-20,
1-Mar-20,65
2-Mar-20,
3-Mar-20,63
4-Mar-20,65.642
5-Mar-20,73.009
6-Mar-20,77.14
7-Mar-20,
8-Mar-20,79.14
9-Mar-20,
10-Mar-20,68
11-Mar-20,
12-Mar-20,71.507
13-Mar-20,
14-Mar-20,
15-Mar-20,78.87
16-Mar-20,
17-Mar-20,
18-Mar-20,
19-Mar-20,
20-Mar-20,
21-Mar-20,
22-Mar-20,78.502
23-Mar-20,
24-Mar-20,
25-Mar-20,
26-Mar-20,72.177
27-Mar-20,
28-Mar-20,
29-Mar-20,
30-Mar-20,72
31-Mar-20,78
1-Apr-20,76.502
2-Apr-20,79.005
3-Apr-20,
4-Apr-20,79.14
5-Apr-20,
6-Apr-20,
7-Apr-20,
8-Apr-20,74.507
9-Apr-20,70
10-Apr-20,76
11-Apr-20,81
12-Apr-20,83.86
13-Apr-20,63
14-Apr-20,74.278
15-Apr-20,
16-Apr-20,
17-Apr-20,
18-Apr-20,76.865
19-Apr-20,
20-Apr-20,
21-Apr-20,
22-Apr-20,
23-Apr-20,82.642
24-Apr-20,
25-Apr-20,77.279
26-Apr-20,
27-Apr-20,79.005
28-Apr-20,
29-Apr-20,76.498
30-Apr-20,80
1-May-20,76.502
2-May-20,
3-May-20,
4-May-20,80.14
5-May-20,
6-May-20,
7-May-20,72.223
8-May-20,79.005
9-May-20,83
10-May-20,
11-May-20,
12-May-20,82
13-May-20,
14-May-20,
15-May-20,
16-May-20,
17-May-20,
18-May-20,
19-May-20,
20-May-20,84.865
21-May-20,92
22-May-20,92.916
23-May-20,91.419
24-May-20,86.214
25-May-20,79.726
26-May-20,71.108
27-May-20,67
28-May-20,25.297
29-May-20,
30-May-20,52
31-May-20,64
1-Jun-20,
2-Jun-20,
3-Jun-20,
4-Jun-20,
5-Jun-20,
6-Jun-20,0
7-Jun-20,0
8-Jun-20,16.674
9-Jun-20,
10-Jun-20,
11-Jun-20,0
12-Jun-20,0
13-Jun-20,
14-Jun-20,0
15-Jun-20,0
16-Jun-20,
17-Jun-20,0
18-Jun-20,0
19-Jun-20,
20-Jun-20,
21-Jun-20,0
22-Jun-20,0
23-Jun-20,
24-Jun-20,
25-Jun-20,
26-Jun-20,
27-Jun-20,
28-Jun-20,0
29-Jun-20,0
30-Jun-20,0
1-Jul-20,
2-Jul-20,
3-Jul-20,
4-Jul-20,
5-Jul-20,
6-Jul-20,
7-Jul-20,
8-Jul-20,0
9-Jul-20,
10-Jul-20,
11-Jul-20,0
12-Jul-20,0
13-Jul-20,0
14-Jul-20,
15-Jul-20,0
16-Jul-20,0
17-Jul-20,
18-Jul-20,
19-Jul-20,
20-Jul-20,
21-Jul-20,
22-Jul-20,0
23-Jul-20,
24-Jul-20,
25-Jul-20,
26-Jul-20,0
27-Jul-20,0
28-Jul-20,
29-Jul-20,
30-Jul-20,0
31-Jul-20,0
1-Aug-20,
2-Aug-20,
3-Aug-20,
4-Aug-20,
5-Aug-20,
6-Aug-20,0
7-Aug-20,
8-Aug-20,
9-Aug-20,
10-Aug-20,
11-Aug-20,
12-Aug-20,
13-Aug-20,0
14-Aug-20,
15-Aug-20,
16-Aug-20,
17-Aug-20,
18-Aug-20,0
19-Aug-20,
20-Aug-20,20
21-Aug-20,0
22-Aug-20,0
23-Aug-20,
24-Aug-20,0
25-Aug-20,
26-Aug-20,0
27-Aug-20,
28-Aug-20,0
29-Aug-20,0
30-Aug-20,
31-Aug-20,
1-Sep-20,
2-Sep-20,
3-Sep-20,0
4-Sep-20,0
5-Sep-20,
6-Sep-20,0
7-Sep-20,
8-Sep-20,
9-Sep-20,
10-Sep-20,
11-Sep-20,
12-Sep-20,3.504
13-Sep-20,
14-Sep-20,
15-Sep-20,0
16-Sep-20,
17-Sep-20,0
18-Sep-20,0
19-Sep-20,0
20-Sep-20,
21-Sep-20,
22-Sep-20,
23-Sep-20,
24-Sep-20,
25-Sep-20,
26-Sep-20,
27-Sep-20,
28-Sep-20,
29-Sep-20,
30-Sep-20,
1-Oct-20,
2-Oct-20,
3-Oct-20,
4-Oct-20,
5-Oct-20,
6-Oct-20,
7-Oct-20,
8-Oct-20,
9-Oct-20,
10-Oct-20,21.5
11-Oct-20,
12-Oct-20,
13-Oct-20,
14-Oct-20,
15-Oct-20,
16-Oct-20,
17-Oct-20,66.372
18-Oct-20,74.87
19-Oct-20,
20-Oct-20,
21-Oct-20,
22-Oct-20,
23-Oct-20,
24-Oct-20,
25-Oct-20,
26-Oct-20,
27-Oct-20,
28-Oct-20,
29-Oct-20,
30-Oct-20,
31-Oct-20,
1-Nov-20,
2-Nov-20,
3-Nov-20,
4-Nov-20,
5-Nov-20,
6-Nov-20,
7-Nov-20,
8-Nov-20,
9-Nov-20,
10-Nov-20,
11-Nov-20,
12-Nov-20,
13-Nov-20,
14-Nov-20,
15-Nov-20,
16-Nov-20,
17-Nov-20,
18-Nov-20,
19-Nov-20,
20-Nov-20,
21-Nov-20,
22-Nov-20,
23-Nov-20,
24-Nov-20,
25-Nov-20,
26-Nov-20,
27-Nov-20,
28-Nov-20,
29-Nov-20,
30-Nov-20,
1-Dec-20,
2-Dec-20,
3-Dec-20,
4-Dec-20,
5-Dec-20,
6-Dec-20,
7-Dec-20,
8-Dec-20,
9-Dec-20,
10-Dec-20,
11-Dec-20,
12-Dec-20,
13-Dec-20,
14-Dec-20,
15-Dec-20,
16-Dec-20,
17-Dec-20,
18-Dec-20,
19-Dec-20,
20-Dec-20,
21-Dec-20,
22-Dec-20,
23-Dec-20,
24-Dec-20,
25-Dec-20,
26-Dec-20,
27-Dec-20,
28-Dec-20,
29-Dec-20,
30-Dec-20,
31-Dec-20,
1-Jan-21,
2-Jan-21,
3-Jan-21,
4-Jan-21,
5-Jan-21,
6-Jan-21,
7-Jan-21,
8-Jan-21,
9-Jan-21,
10-Jan-21,
11-Jan-21,
12-Jan-21,
13-Jan-21,
14-Jan-21,
15-Jan-21,
16-Jan-21,
17-Jan-21,
18-Jan-21,
19-Jan-21,
20-Jan-21,
21-Jan-21,
22-Jan-21,
23-Jan-21,
24-Jan-21,
25-Jan-21,
26-Jan-21,
27-Jan-21,
28-Jan-21,
29-Jan-21,
30-Jan-21,
31-Jan-21,
1-Feb-21,
2-Feb-21,
3-Feb-21,
4-Feb-21,
5-Feb-21,
6-Feb-21,69.86
7-Feb-21,
8-Feb-21,
9-Feb-21,
10-Feb-21,
11-Feb-21,64.135
12-Feb-21,
13-Feb-21,
14-Feb-21,
15-Feb-21,
16-Feb-21,
17-Feb-21,
18-Feb-21,
19-Feb-21,
20-Feb-21,72.326
21-Feb-21,
22-Feb-21,
23-Feb-21,63.977
24-Feb-21,
25-Feb-21,63
26-Feb-21,
27-Feb-21,
28-Feb-21,66
1-Mar-21,
2-Mar-21,
3-Mar-21,
4-Mar-21,
5-Mar-21,67.419
6-Mar-21,
7-Mar-21,
8-Mar-21,
9-Mar-21,67.005
10-Mar-21,
11-Mar-21,
12-Mar-21,
13-Mar-21,72.507
14-Mar-21,71.642
15-Mar-21,66
16-Mar-21,72.005
17-Mar-21,69.14
18-Mar-21,76.005
19-Mar-21,
20-Mar-21,
21-Mar-21,71.14
22-Mar-21,73.777
23-Mar-21,
24-Mar-21,
25-Mar-21,76
26-Mar-21,
27-Mar-21,75.865
28-Mar-21,73.358
29-Mar-21,80.502
30-Mar-21,
31-Mar-21,71.005
1-Apr-21,
2-Apr-21,
3-Apr-21,
4-Apr-21,
5-Apr-21,71.265
6-Apr-21,
7-Apr-21,67.642
8-Apr-21,73.86
9-Apr-21,
10-Apr-21,78.367
11-Apr-21,76.507
12-Apr-21,69.005
13-Apr-21,82.363
14-Apr-21,83.144
15-Apr-21,
16-Apr-21,
17-Apr-21,80
18-Apr-21,83.86
19-Apr-21,88
20-Apr-21,
21-Apr-21,84.363
22-Apr-21,83.009
23-Apr-21,
24-Apr-21,85.144
25-Apr-21,
26-Apr-21,72.502
27-Apr-21,81.507
28-Apr-21,85.642
29-Apr-21,85.14
